,SND_MNTPRD_E,SND_MNTTAX_E,SND_MNTPAY_E,target,GROUP
17,199363836.0,0.0,0.0,0.0,0
89,2851017820.0,0.0,0.0,0.0,0
95,17698599.0,0.0,0.0,17.94864521178935,1
149,28750000.0,0.0,0.0,16.769156027046357,1
151,438465.0,0.0,0.0,0.0,0
175,46318337.0,0.0,0.0,0.0,0
178,4363064723.0,0.0,0.0,15.725862660961626,1
192,179201916.0,0.0,0.0,0.0,0
201,255215.0,0.0,0.0,18.42700267834717,1
202,1065648.0,0.0,0.0,0.0,0
208,27933477.0,0.0,0.0,19.364098800148174,1
209,5200000.0,0.0,0.0,17.473385527090766,1
212,5981614716.0,0.0,0.0,15.421916478553085,1
268,27533326289.0,0.0,0.0,13.833863114808445,1
280,32109750.0,0.0,0.0,16.857489143790723,1
304,26285424.0,0.0,0.0,16.625617222349895,1
315,65705504.0,0.0,0.0,14.523766031319985,1
323,67010000.0,0.0,0.0,17.210958409375696,1
357,148149259.0,0.0,0.0,18.388619935000843,1
378,81388000.0,0.0,0.0,11.987680289391447,1
429,1793021488.0,17930209.0,17930209.0,0.0,0
442,1480689857.0,0.0,0.0,0.0,0
453,242444648.0,0.0,0.0,15.072834822201273,1
462,41734053744.0,0.0,0.0,0.0,0
489,3938796228.0,0.0,0.0,0.0,0
529,693800000.0,0.0,0.0,0.0,0
534,156100000.0,0.0,0.0,0.0,0
567,47972250.0,0.0,0.0,13.204203238460662,1
568,120993428.0,0.0,0.0,0.0,0
581,171164.0,0.0,0.0,17.842766880165392,1
588,32391946.0,0.0,0.0,0.0,0
604,223168799.0,0.0,0.0,0.0,0
619,3870912924.0,0.0,0.0,19.75815999796675,1
632,66982963.0,0.0,0.0,0.0,0
649,1491222045.0,274271000.0,274271000.0,18.586594475583173,1
659,1101704563.0,22034013.0,22034013.0,19.242353641495747,1
711,21277760.0,0.0,0.0,15.886441486899276,1
727,883548894.0,0.0,0.0,20.23069199310941,1
729,118148405.0,0.0,0.0,0.0,0
738,125661898.0,0.0,0.0,0.0,0
755,3676361532.0,0.0,0.0,0.0,0
762,1928000.0,0.0,0.0,22.111406039202894,1
774,705237914.0,0.0,0.0,0.0,0
782,263004168.0,0.0,0.0,16.136065717787865,1
812,7065000.0,0.0,0.0,0.0,0
813,2543559.0,0.0,0.0,15.248905561577198,1
887,3551368.0,0.0,0.0,21.834831494646643,1
891,623777.0,0.0,0.0,0.0,0
914,3842148816.0,0.0,0.0,0.0,0
924,34883443.0,0.0,0.0,18.97951043442269,1
931,151027632.0,0.0,0.0,18.402169360641736,1
935,546885.0,0.0,0.0,12.447044327083983,1
936,144000300.0,0.0,0.0,0.0,0
937,23827701419.0,0.0,0.0,0.0,0
947,330743500.0,0.0,0.0,0.0,0
950,64043458.0,0.0,0.0,14.301418908905672,1
957,68477000.0,0.0,0.0,0.0,0
963,65663125.0,0.0,0.0,0.0,0
973,69049.0,0.0,0.0,14.391871643257582,1
990,57960390.0,0.0,0.0,18.651831099090078,1
1011,229303915.0,0.0,0.0,9.75138477432617,1
1022,481662825.0,0.0,0.0,0.0,0
1069,10134173.0,0.0,0.0,0.0,0
1127,1297703.0,0.0,0.0,0.0,0
1128,508509230.0,0.0,0.0,17.15356616702575,1
1132,1523592140.0,0.0,0.0,0.0,0
1160,91987056.0,0.0,0.0,17.761584629223638,1
1199,3231346651.0,0.0,0.0,0.0,0
1207,1536744755.0,0.0,0.0,0.0,0
1228,6651105882.0,133022117.0,133022117.0,0.0,0
1233,360219620.0,0.0,0.0,14.721706508552801,1
1286,8063870.0,0.0,0.0,14.768756746927721,1
1368,660766274.0,13215321.0,13215321.0,0.0,0
1387,31689501.0,0.0,0.0,17.97764947596244,1
1403,91373755.0,0.0,0.0,19.047749215227007,1
1449,771447583.0,0.0,0.0,19.37171007854388,1
1464,146132292.0,0.0,0.0,0.0,0
1501,54383750.0,0.0,0.0,0.0,0
1502,115880819.0,0.0,0.0,0.0,0
1545,3631135271.0,16575014.0,16575014.0,16.703544863924712,1
1585,2272034.0,0.0,0.0,0.0,0
1588,2490586061.0,0.0,0.0,0.0,0
1632,1676254.0,0.0,0.0,20.630532218754553,1
1639,2072501251.0,0.0,0.0,15.872210329797015,1
1658,6605850.0,0.0,0.0,16.714060505341028,1
1661,8480056186.0,71505885.0,71505885.0,0.0,0
1675,318481907.0,0.0,0.0,19.354293527075512,1
1680,1845000.0,0.0,0.0,0.0,0
1704,14162887.0,0.0,0.0,17.236188913890633,1
1737,16254094.0,0.0,0.0,0.0,0
1743,7422727785.0,0.0,0.0,0.0,0
1754,4005222744.0,0.0,0.0,0.0,0
1799,828291331.0,0.0,0.0,0.0,0
1850,167280370.0,0.0,0.0,14.739145058240506,1
1877,5956272410.0,0.0,0.0,16.85836264905421,1
1891,323185770.0,0.0,0.0,16.71980971119634,1
1897,218597762.0,0.0,0.0,16.14501660821184,1
1916,349928.0,0.0,0.0,0.0,0
1917,28855240.0,0.0,0.0,0.0,0
1921,8941481439.0,78545937.0,78545937.0,0.0,0
1953,14056117.0,0.0,0.0,0.0,0
1954,9919091720.0,0.0,0.0,0.0,0
1975,7943761734.0,0.0,0.0,0.0,0
2043,1079126450.0,0.0,0.0,0.0,0
2063,1509521556.0,0.0,0.0,0.0,0
2071,664869.0,0.0,0.0,0.0,0
2086,64478587.0,0.0,0.0,16.4290452967239,1
2111,2479584585.0,0.0,0.0,18.608981034114784,1
2119,2172927188.0,0.0,0.0,0.0,0
2138,23953992.0,0.0,0.0,17.946825530871298,1
2155,1524507454.0,0.0,0.0,15.45283091688411,1
2176,38679086.0,0.0,0.0,0.0,0
2187,9421000.0,0.0,0.0,18.502141617860325,1
2202,9720000.0,0.0,0.0,14.294187713195633,1
2215,128513758.0,0.0,0.0,15.903919893510412,1
2227,231453957.0,0.0,0.0,0.0,0
2241,7175601.0,0.0,0.0,15.751807937757526,1
2251,222859106.0,0.0,0.0,0.0,0
2257,2243416494.0,0.0,0.0,17.00484885356466,1
2277,371361885.0,0.0,0.0,18.109294111958327,1
2278,50196952.0,0.0,0.0,16.874775456286677,1
2293,30623858.0,0.0,0.0,16.585912453340217,1
2314,554294.0,0.0,0.0,11.56950426642292,1
2353,2166066584.0,11567137.0,11567137.0,0.0,0
2379,16270769.0,0.0,0.0,13.7745520957994,1
2394,545841697.0,0.0,0.0,0.0,0
2400,1300629.0,0.0,0.0,0.0,0
2413,1091651005.0,0.0,0.0,0.0,0
2419,5791333147.0,0.0,0.0,14.283001031878984,1
2467,8960037905.0,0.0,0.0,0.0,0
2505,41298350.0,0.0,0.0,18.32662525169832,1
2507,28016787.0,0.0,0.0,0.0,0
2516,1410701829.0,0.0,0.0,0.0,0
2538,443165487.0,0.0,0.0,0.0,0
2540,1872720890.0,0.0,0.0,0.0,0
2549,129635123.0,0.0,0.0,0.0,0
2562,7139482250.0,71394787.0,71394787.0,0.0,0
2566,599420522.0,0.0,0.0,0.0,0
2588,2304907500.0,0.0,0.0,0.0,0
2618,183628033.0,1836279.0,1836279.0,0.0,0
2631,769895638.0,0.0,0.0,16.269477644365313,1
2657,7348292.0,0.0,0.0,21.658113338004778,1
2684,1300996521.0,0.0,0.0,0.0,0
2699,84719059.0,0.0,0.0,0.0,0
2709,2407530.0,0.0,0.0,17.833913159611214,1
2769,267133.0,0.0,0.0,0.0,0
2793,2794598345.0,0.0,0.0,14.03060984073386,1
2815,26217540.0,0.0,0.0,16.847575773301305,1
2820,4762046.0,0.0,0.0,0.0,0
2829,6160365688.0,0.0,0.0,21.553833188770284,1
2839,2416191702.0,0.0,0.0,18.774335448556503,1
2918,2374754600.0,0.0,0.0,0.0,0
2937,45843495.0,0.0,0.0,19.091125718497878,1
2946,542496955.0,0.0,0.0,0.0,0
2957,1346943.0,0.0,0.0,0.0,0
3001,66382307.0,663823.0,663823.0,0.0,0
3003,165250151.0,0.0,0.0,0.0,0
3027,264186479.0,0.0,0.0,16.08990057941322,1
3032,11089463061.0,0.0,0.0,0.0,0
3062,17403035453.0,0.0,0.0,0.0,0
3063,74297298.0,0.0,0.0,17.608866687264094,1
3081,8627261.0,0.0,0.0,0.0,0
3090,45313817.0,0.0,0.0,0.0,0
3093,10513477.0,0.0,0.0,0.0,0
3103,23463454.0,0.0,0.0,19.496100124411107,1
3111,1662972047.0,0.0,0.0,0.0,0
3122,17704101600.0,0.0,0.0,0.0,0
3166,4178202.0,0.0,0.0,13.603571501206098,1
3176,2857492.0,0.0,0.0,12.879389498410287,1
3189,1585509429.0,0.0,0.0,17.348714875022942,1
3193,50251177.0,0.0,0.0,0.0,0
3220,65079928.0,0.0,0.0,18.161660152175678,1
3255,13237788712.0,264755600.0,264755600.0,15.044519623143824,1
3300,1246905.0,0.0,0.0,0.0,0
3305,26241809.0,0.0,0.0,18.73041840387853,1
3336,14369027.0,0.0,0.0,0.0,0
3348,459100000.0,0.0,0.0,19.254674296072842,1
3360,159324385.0,0.0,0.0,10.890068980025715,1
3368,15137975.0,0.0,0.0,0.0,0
3380,568213.0,0.0,0.0,0.0,0
3405,9117208.0,0.0,0.0,14.284224606057553,1
3438,151380122.0,0.0,0.0,15.40600558142127,1
3447,1457781921.0,0.0,0.0,15.486021744496494,1
3456,203533088.0,4070660.0,4070660.0,16.904757901075858,1
3464,80318209.0,0.0,0.0,0.0,0
3480,101989000.0,0.0,0.0,0.0,0
3490,3498543653.0,0.0,0.0,0.0,0
3495,446089350.0,0.0,0.0,18.44247541522257,1
3503,6277002.0,0.0,0.0,15.253320176336135,1
3523,11410000.0,0.0,0.0,17.67761568058729,1
3527,34755912.0,0.0,0.0,13.121581071482833,1
3528,98415573.0,0.0,0.0,19.34673746493732,1
3541,16556729.0,0.0,0.0,0.0,0
3557,4917038.0,0.0,0.0,14.33138879575091,1
3608,211562028.0,0.0,0.0,0.0,0
3615,549311057.0,0.0,0.0,0.0,0
3622,30412992.0,0.0,0.0,0.0,0
3627,781349537.0,0.0,0.0,0.0,0
3630,27723253113.0,25466.0,25466.0,0.0,0
3631,893364108.0,0.0,0.0,0.0,0
3633,122695869.0,0.0,0.0,0.0,0
3667,256143360.0,0.0,0.0,16.78325397227105,1
3676,247671295.0,0.0,0.0,19.615710932010195,1
3684,801846525.0,0.0,0.0,0.0,0
3707,1331760.0,0.0,0.0,17.62248080037389,1
3724,124886601.0,0.0,0.0,0.0,0
3732,2140799125.0,0.0,0.0,0.0,0
3752,7913181.0,0.0,0.0,16.53473093965974,1
3787,571364943.0,0.0,0.0,0.0,0
3790,1771337100.0,0.0,0.0,0.0,0
3801,16102500.0,0.0,0.0,0.0,0
3835,858781214.0,0.0,0.0,0.0,0
3867,257213172.0,1473067.0,1473067.0,0.0,0
3897,93250823.0,0.0,0.0,16.197064951967768,1
3900,1263476486.0,0.0,0.0,0.0,0
3906,2234645106.0,0.0,0.0,18.204966439812953,1
3944,133176755.0,0.0,0.0,19.868794624478845,1
3962,546413.0,0.0,0.0,0.0,0
3988,113531606.0,0.0,0.0,16.111675183799516,1
3991,56128559.0,0.0,0.0,14.711135209874262,1
3994,669891053.0,0.0,0.0,11.794511494249956,1
4021,1644172500.0,0.0,0.0,0.0,0
4023,95463664.0,0.0,0.0,16.562148130675702,1
4092,5260104340.0,0.0,0.0,0.0,0
4156,20219393575.0,0.0,0.0,16.027899681259143,1
4174,458243969.0,0.0,0.0,0.0,0
4187,159407.0,0.0,0.0,0.0,0
4205,23534389.0,0.0,0.0,17.47396224739814,1
4208,48295379.0,0.0,0.0,0.0,0
4212,1522455188.0,30449019.0,30449019.0,18.27534802306403,1
4230,31681350.0,0.0,0.0,16.38548411910443,1
4238,26416969.0,0.0,0.0,16.81227130246067,1
4265,11360000.0,0.0,0.0,17.571168179584454,1
4278,33613941.0,0.0,0.0,0.0,0
4286,4032341664.0,0.0,0.0,0.0,0
4324,1604244.0,0.0,0.0,0.0,0
4332,93494127.0,0.0,0.0,0.0,0
4371,1482640000.0,0.0,0.0,19.12522977071412,1
4403,9425937581.0,94259324.0,94259324.0,0.0,0
4418,366912247.0,0.0,0.0,17.877933606940157,1
4422,640905.0,0.0,0.0,0.0,0
4458,1278314280.0,0.0,0.0,0.0,0
4468,62441962.0,0.0,0.0,18.5985985936458,1
4475,372300000.0,0.0,0.0,0.0,0
4485,1062615074.0,0.0,0.0,0.0,0
4533,5273627659.0,0.0,0.0,14.86134142799312,1
4563,13814822689.0,0.0,0.0,16.522668427723932,1
4572,377654745.0,0.0,0.0,20.941896968189518,1
4575,50112530.0,0.0,0.0,14.372212963261724,1
4604,30255000.0,0.0,0.0,16.951148241862267,1
4607,330956208.0,0.0,0.0,0.0,0
4614,2271398950.0,0.0,0.0,0.0,0
4625,307983840.0,0.0,0.0,18.038556745321635,1
4627,81017586.0,0.0,0.0,16.17832442973335,1
4629,152727120.0,0.0,0.0,17.578710208139416,1
4635,2565334010.0,0.0,0.0,15.796225778969294,1
4656,3971487263.0,0.0,0.0,19.033302157684485,1
4679,17167535.0,0.0,0.0,20.160648592894763,1
4690,2559183035.0,0.0,0.0,0.0,0
4694,5010342264.0,0.0,0.0,18.727696326329035,1
4700,74237371.0,0.0,0.0,0.0,0
4730,248166400.0,0.0,0.0,16.06651684213119,1
4747,86678043.0,0.0,0.0,17.991264032638547,1
4751,85858480.0,0.0,0.0,17.321820674589155,1
4817,59989703.0,0.0,0.0,15.907460048092318,1
4821,6747942081.0,453656000.0,453656000.0,21.028056017087728,1
4826,196560321.0,0.0,0.0,0.0,0
4835,234004492.0,0.0,0.0,18.238996276174102,1
4842,558568270.0,23240000.0,23240000.0,21.664876910591644,1
4855,322374208.0,0.0,0.0,0.0,0
4884,20191183.0,0.0,0.0,18.282625717966205,1
4897,41943068.0,0.0,0.0,17.29617023273817,1
4899,4059954840.0,0.0,0.0,0.0,0
4935,154216725.0,0.0,0.0,0.0,0
4963,5102943.0,0.0,0.0,16.574140115327516,1
4996,149172392.0,0.0,0.0,17.27588385767616,1
5019,18730167.0,0.0,0.0,15.198312577953713,1
5024,275445000.0,0.0,0.0,0.0,0
5034,16388743.0,0.0,0.0,15.753196408572231,1
5078,61148888.0,0.0,0.0,0.0,0
5095,66080542.0,0.0,0.0,17.618038266853162,1
5107,5962532700.0,0.0,0.0,0.0,0
5124,27000000.0,0.0,0.0,0.0,0
5147,200488055.0,0.0,0.0,0.0,0
5161,169686287.0,0.0,0.0,0.0,0
5171,29948638.0,0.0,0.0,16.954172880574376,1
5172,61412800.0,0.0,0.0,0.0,0
5177,275710156.0,0.0,0.0,0.0,0
5189,47524120.0,0.0,0.0,18.88196001390959,1
5201,33986416.0,0.0,0.0,19.546455347455627,1
5204,506700.0,0.0,0.0,15.790234155270907,1
5225,11436783156.0,0.0,0.0,0.0,0
5248,35185805.0,0.0,0.0,0.0,0
5273,1053442.0,0.0,0.0,18.284952574465173,1
5284,556761475.0,0.0,0.0,21.284776838686206,1
5324,102635430.0,0.0,0.0,19.152150705799254,1
5380,2121800.0,0.0,0.0,0.0,0
5389,235406048.0,0.0,0.0,16.51548436596136,1
5399,102352913.0,0.0,0.0,17.343945752493134,1
5407,31784177.0,0.0,0.0,18.40545632843309,1
5418,18448394.0,0.0,0.0,0.0,0
5430,326790933.0,0.0,0.0,18.833852850041215,1
5442,5635399214.0,0.0,0.0,19.18318254056181,1
5468,5929700.0,0.0,0.0,0.0,0
5509,638868284.0,0.0,0.0,0.0,0
5531,207387023.0,0.0,0.0,14.827156559535279,1
5532,82980524.0,0.0,0.0,13.274653470269802,1
5545,81707111.0,0.0,0.0,17.154315345450822,1
5572,57376630.0,0.0,0.0,0.0,0
5585,312693807.0,0.0,0.0,0.0,0
5610,200676299.0,0.0,0.0,17.934991032878717,1
5628,324605.0,0.0,0.0,23.49861478481855,1
5641,621502565.0,0.0,0.0,0.0,0
5682,22540593.0,0.0,0.0,15.877589488086873,1
5723,87714901.0,0.0,0.0,15.474629856359279,1
5724,437806469.0,0.0,0.0,18.572829521309348,1
5728,27803770.0,0.0,0.0,0.0,0
5762,786299174.0,0.0,0.0,0.0,0
5785,2878352305.0,0.0,0.0,0.0,0
5788,561937712.0,0.0,0.0,16.095055861702615,1
5789,14857250.0,0.0,0.0,16.618778874026912,1
5791,377892363.0,0.0,0.0,0.0,0
5816,15128275.0,0.0,0.0,0.0,0
5817,19361898149.0,0.0,0.0,0.0,0
5837,57154203.0,0.0,0.0,19.76855410606236,1
5840,88189098.0,0.0,0.0,15.862149426738558,1
5842,234054952.0,0.0,0.0,0.0,0
5851,23525040.0,0.0,0.0,17.306256401049392,1
5859,1310763193.0,0.0,0.0,0.0,0
5862,4479558.0,0.0,0.0,0.0,0
5876,335148.0,0.0,0.0,0.0,0
5898,112966370.0,0.0,0.0,0.0,0
5929,389822928.0,0.0,0.0,0.0,0
5955,859250365.0,0.0,0.0,20.96510118548013,1
5986,114338268.0,0.0,0.0,0.0,0
6009,80533373.0,0.0,0.0,0.0,0
6023,21602000.0,0.0,0.0,17.348443787892215,1
6046,3293500.0,0.0,0.0,0.0,0
6067,10832653473.0,0.0,0.0,0.0,0
6111,701681764.0,0.0,0.0,0.0,0
6114,347953733.0,0.0,0.0,12.557074528042774,1
6149,2391895725.0,6531386.0,6531386.0,19.54266646653405,1
6159,16584304450.0,0.0,0.0,17.654092082929914,1
6172,5980282.0,0.0,0.0,0.0,0
6212,140068127.0,0.0,0.0,0.0,0
6240,2283875.0,0.0,0.0,0.0,0
6277,1321120538.0,0.0,0.0,18.426670628720665,1
6281,216655924.0,0.0,0.0,19.39856813141796,1
6287,41867322.0,0.0,0.0,0.0,0
6299,1904606122.0,0.0,0.0,0.0,0
6314,7853590.0,0.0,0.0,0.0,0
6337,6332424067.0,0.0,0.0,21.165490446010974,1
6348,6315399338.0,0.0,0.0,0.0,0
6357,27854791.0,0.0,0.0,17.390477560412776,1
6383,192692665.0,0.0,0.0,0.0,0
6398,32785525.0,0.0,0.0,16.331924676452502,1
6405,665855.0,0.0,0.0,14.96061958926919,1
6452,46219320.0,0.0,0.0,16.496741174407244,1
6475,155775325.0,0.0,0.0,0.0,0
6502,12242424.0,0.0,0.0,0.0,0
6551,356599690.0,0.0,0.0,14.03288228429755,1
6556,227357516.0,0.0,0.0,16.149655362666053,1
6582,10487416068.0,0.0,0.0,18.621020673808516,1
6601,1424165543.0,0.0,0.0,20.005656744582623,1
6638,22887500.0,0.0,0.0,16.589965475278294,1
6675,97673921.0,1953473.0,1953473.0,15.616812519114928,1
6677,44637000.0,0.0,0.0,0.0,0
6703,31084900.0,0.0,0.0,0.0,0
6725,406991329.0,0.0,0.0,18.2805399803335,1
6730,9447314099.0,0.0,0.0,0.0,0
6754,21425978.0,0.0,0.0,0.0,0
6772,157832794.0,0.0,0.0,19.906255751223487,1
6782,65000506.0,0.0,0.0,0.0,0
6805,3817388.0,0.0,0.0,0.0,0
6826,328808039.0,0.0,0.0,0.0,0
6858,8478933.0,0.0,0.0,0.0,0
6884,640556523.0,0.0,0.0,0.0,0
6888,43730100.0,0.0,0.0,17.80673788279363,1
6922,15655013.0,0.0,0.0,0.0,0
6923,281589762.0,0.0,0.0,17.58311438189538,1
6946,27374072.0,0.0,0.0,16.130182509690663,1
6968,2141622657.0,42832443.0,42832443.0,0.0,0
6993,9114927416.0,182298534.0,182298534.0,0.0,0
6999,944500.0,0.0,0.0,16.04663584623508,1
7000,533749618.0,0.0,0.0,19.303472167378114,1
7004,64350000.0,0.0,0.0,18.830917874494933,1
7007,61102271.0,0.0,0.0,16.981132472957025,1
7026,49040061.0,0.0,0.0,0.0,0
7029,17470376.0,0.0,0.0,14.780090376108346,1
7055,1399854771.0,13998538.0,13998538.0,0.0,0
7097,135198728.0,0.0,0.0,0.0,0
7098,405965639.0,0.0,0.0,16.44465289610192,1
7123,2987206173.0,0.0,0.0,0.0,0
7124,1212274260.0,0.0,0.0,19.108993060370487,1
7132,1586619.0,0.0,0.0,17.056540126440307,1
7142,2457772478.0,0.0,0.0,16.085667289466976,1
7196,645665020.0,0.0,0.0,21.168105700829862,1
7197,89813856.0,0.0,0.0,0.0,0
7214,502393730.0,0.0,0.0,0.0,0
7226,715272785.0,0.0,0.0,0.0,0
7252,6193389.0,0.0,0.0,17.589742689185467,1
7281,116301246.0,0.0,0.0,16.344406899816857,1
7288,83748316.0,0.0,0.0,0.0,0
7328,15059261.0,0.0,0.0,16.57826337842863,1
7341,474565015.0,0.0,0.0,0.0,0
7359,623354788.0,0.0,0.0,16.4658490863247,1
7362,2404826714.0,0.0,0.0,19.27919442831928,1
7397,36216917.0,0.0,0.0,0.0,0
7410,3342278.0,0.0,0.0,0.0,0
7421,18954745.0,0.0,0.0,18.481532869299677,1
7449,25737352120.0,0.0,0.0,0.0,0
7463,174050221.0,1740502.0,1740502.0,0.0,0
7478,344696912.0,0.0,0.0,0.0,0
7538,4893419307.0,0.0,0.0,17.425688277814473,1
7540,89739379.0,0.0,0.0,15.844988578610673,1
7546,250726124.0,0.0,0.0,22.55029366360101,1
7566,1186620000.0,0.0,0.0,19.156750067376393,1
7569,250488400.0,0.0,0.0,0.0,0
7577,909170700.0,0.0,0.0,0.0,0
7583,835631967.0,0.0,0.0,0.0,0
7588,862706458.0,0.0,0.0,0.0,0
7596,989959763.0,0.0,0.0,0.0,0
7602,241724425.0,0.0,0.0,15.786717596927955,1
7615,112900142.0,0.0,0.0,13.43435408629805,1
7622,51214606.0,0.0,0.0,17.20578274307941,1
7626,209947061.0,0.0,0.0,0.0,0
7681,34100000.0,0.0,0.0,0.0,0
7682,17377904.0,0.0,0.0,17.746257452196648,1
7701,244473040.0,0.0,0.0,17.65355835780944,1
7710,5254762.0,0.0,0.0,18.23732516073731,1
7732,648613821.0,0.0,0.0,17.94467406037695,1
7739,333730395.0,0.0,0.0,15.630848686233433,1
7770,78892233.0,0.0,0.0,0.0,0
7773,3752809.0,0.0,0.0,0.0,0
7820,9097600.0,0.0,0.0,0.0,0
7825,202539006.0,0.0,0.0,14.615531259012759,1
7836,1430651093.0,0.0,0.0,19.719960358076943,1
7875,26724938.0,0.0,0.0,14.716593434392069,1
7887,400682782.0,0.0,0.0,0.0,0
7902,1120483323.0,0.0,0.0,15.022019842702205,1
7905,10622502.0,0.0,0.0,0.0,0
7907,78245192.0,0.0,0.0,0.0,0
7936,1162544796.0,0.0,0.0,18.42550981519621,1
7953,630725502.0,0.0,0.0,17.956324927742678,1
7962,446542048.0,0.0,0.0,0.0,0
7977,1140125806.0,0.0,0.0,0.0,0
8028,171383309.0,0.0,0.0,0.0,0
8055,128104883.0,0.0,0.0,0.0,0
8059,305532807.0,0.0,0.0,0.0,0
8119,16453637.0,0.0,0.0,17.623368444074718,1
8122,17561122327.0,0.0,0.0,0.0,0
8124,854103505.0,0.0,0.0,15.734231845676858,1
8166,5927549530.0,0.0,0.0,0.0,0
8173,143971.0,0.0,0.0,0.0,0
8197,1225059.0,0.0,0.0,0.0,0
8202,14445967440.0,826592900.0,826592900.0,21.59166661334168,1
8214,48872200.0,0.0,0.0,13.774091510243226,1
8221,329949408.0,0.0,0.0,18.775467652673786,1
8255,13105922179.0,0.0,0.0,0.0,0
8257,9015235.0,0.0,0.0,0.0,0
8258,2131939.0,0.0,0.0,17.856808341975825,1
8264,58055725.0,0.0,0.0,19.68213923089332,1
8273,10798869029.0,107988645.0,107988645.0,15.540194780173454,1
8286,104641940.0,0.0,0.0,17.06375475917717,1
8300,18140415.0,0.0,0.0,15.992234424400644,1
8302,4996075051.0,0.0,0.0,16.83538026563534,1
8313,1745072056.0,0.0,0.0,0.0,0
8332,1763812006.0,17638109.0,17638109.0,0.0,0
8336,575200000.0,0.0,0.0,19.59719041303191,1
8340,17190381.0,0.0,0.0,20.157703136125363,1
8346,71911505.0,0.0,0.0,17.533801133512572,1
8348,13423109.0,0.0,0.0,17.409028835973597,1
8349,454053192.0,0.0,0.0,0.0,0
8365,66336605.0,0.0,0.0,0.0,0
8380,109194400.0,0.0,0.0,16.87163820352956,1
8403,180585398.0,0.0,0.0,0.0,0
8407,25850122.0,0.0,0.0,0.0,0
8442,421250623.0,0.0,0.0,17.07694348558145,1
8455,1494241654.0,0.0,0.0,0.0,0
8461,1808275454.0,0.0,0.0,0.0,0
8492,435700000.0,0.0,0.0,16.468501082512386,1
8495,397812080.0,0.0,0.0,15.813752618999965,1
8502,3495029550.0,0.0,0.0,0.0,0
8513,58473799.0,0.0,0.0,0.0,0
8533,550914146.0,0.0,0.0,18.717623780986106,1
8552,1223172.0,0.0,0.0,17.44830261273272,1
8588,56098376.0,0.0,0.0,17.06869868480537,1
8612,729568702.0,0.0,0.0,16.015886719393613,1
8614,1070538900.0,0.0,0.0,0.0,0
8622,1238325.0,0.0,0.0,0.0,0
8627,249700000.0,0.0,0.0,0.0,0
8651,79496559.0,0.0,0.0,18.687673572379488,1
8663,177726300.0,0.0,0.0,19.24579322583077,1
8736,409281.0,0.0,0.0,19.800514933022942,1
8741,166284000.0,0.0,0.0,16.943264985815365,1
8753,9035135.0,0.0,0.0,0.0,0
8762,204400235.0,0.0,0.0,0.0,0
8766,1631226.0,0.0,0.0,18.57933905484289,1
8815,1303122445.0,0.0,0.0,0.0,0
8818,55908927.0,0.0,0.0,18.529700704666052,1
8864,70033590.0,0.0,0.0,16.22563672746436,1
8880,1418237803.0,0.0,0.0,19.530094140074443,1
8885,17301979.0,0.0,0.0,0.0,0
8888,229523987.0,0.0,0.0,18.10368643485925,1
8901,2700390.0,0.0,0.0,17.793307071619406,1
8930,552336519.0,0.0,0.0,0.0,0
8933,146400267.0,0.0,0.0,15.077293580326312,1
8948,8318063.0,0.0,0.0,14.645459216088135,1
8958,1083166596.0,0.0,0.0,15.33850980210708,1
8973,6782585.0,0.0,0.0,0.0,0
8975,389692600.0,0.0,0.0,13.618117595971,1
8978,138083.0,0.0,0.0,14.983743432176748,1
8983,6771007.0,0.0,0.0,16.256258489361013,1
8996,92481765.0,0.0,0.0,0.0,0
9000,2400287400.0,0.0,0.0,0.0,0
9006,4899453.0,0.0,0.0,0.0,0
9033,138853474.0,0.0,0.0,0.0,0
9045,138517107.0,0.0,0.0,0.0,0
9071,443029100.0,0.0,0.0,15.660202236158714,1
9093,12928631.0,0.0,0.0,16.58941990779144,1
9098,5193739.0,0.0,0.0,0.0,0
9108,39218705.0,0.0,0.0,15.450174599180254,1
9158,285048016.0,0.0,0.0,20.44737703635233,1
9185,10297250.0,0.0,0.0,16.09851723852411,1
9201,58465654.0,0.0,0.0,15.084248670209716,1
9229,537822840.0,0.0,0.0,0.0,0
9272,38836000.0,0.0,0.0,14.237783617721806,1
9274,133909699.0,0.0,0.0,18.39873963874133,1
9278,35882240.0,0.0,0.0,0.0,0
9279,8729752430.0,87297471.0,87297471.0,0.0,0
9280,545286662.0,0.0,0.0,0.0,0
9281,50017508.0,0.0,0.0,0.0,0
9289,85121420.0,0.0,0.0,0.0,0
9295,732765251.0,0.0,0.0,0.0,0
9304,6244949.0,0.0,0.0,16.603878505836374,1
9315,289627.0,0.0,0.0,18.530279831161,1
9319,1259585750.0,0.0,0.0,0.0,0
9331,56216447.0,0.0,0.0,14.27546448266944,1
9357,74767432.0,0.0,0.0,0.0,0
9375,1584772559.0,0.0,0.0,0.0,0
9396,453684807.0,0.0,0.0,21.27786325159836,1
9398,21747931.0,0.0,0.0,0.0,0
9410,6201961978.0,0.0,0.0,20.44914368645976,1
9416,167659186.0,0.0,0.0,17.880667921225108,1
9433,1420020849.0,0.0,0.0,0.0,0
9487,2274684088.0,22746826.0,22746826.0,19.930236182157095,1
9508,2034818275.0,0.0,0.0,0.0,0
9519,462372787.0,0.0,0.0,0.0,0
9533,2838599.0,0.0,0.0,13.562139731029966,1
9559,45002080.0,0.0,0.0,15.258226603272126,1
9568,321113007.0,0.0,0.0,17.71497730245094,1
9570,33636546.0,0.0,0.0,0.0,0
9575,702105406.0,0.0,0.0,0.0,0
9580,1280381483.0,0.0,0.0,19.229760066098358,1
9596,497872911.0,0.0,0.0,0.0,0
9609,10388134725.0,103881272.0,103881272.0,0.0,0
9625,376281122.0,0.0,0.0,0.0,0
9636,202228262.0,0.0,0.0,18.232015584992595,1
9651,168904000.0,0.0,0.0,19.06234719150661,1
9720,420068257.0,0.0,0.0,0.0,0
9725,35164080.0,0.0,0.0,0.0,0
9758,278457153.0,0.0,0.0,20.54229702677803,1
9769,68709240.0,0.0,0.0,0.0,0
9811,793988232.0,3441718.0,3441718.0,16.78346759627506,1
9839,27434810.0,0.0,0.0,13.361334607540615,1
9846,2507827881.0,0.0,0.0,0.0,0
9866,238660484.0,0.0,0.0,18.55092963255045,1
9905,305758220.0,0.0,0.0,0.0,0
9921,36592948.0,0.0,0.0,19.227578726072853,1
9923,19295021950.0,0.0,0.0,0.0,0
9929,1327182012.0,0.0,0.0,20.05648019749179,1
9936,1561632427.0,0.0,0.0,0.0,0
9957,898369005.0,0.0,0.0,0.0,0
9964,1817724388.0,0.0,0.0,13.626844517429452,1
9965,36041001.0,0.0,0.0,17.09620926997159,1
9970,418057041.0,0.0,0.0,0.0,0
10034,6407007547.0,64070038.0,64070038.0,0.0,0
10038,20225487.0,0.0,0.0,0.0,0
10044,188199531.0,0.0,0.0,15.61163913539018,1
10057,12365713727.0,0.0,0.0,0.0,0
10060,3837789211.0,579541500.0,579541500.0,17.704424555238386,1
10068,52467935.0,0.0,0.0,0.0,0
10084,157156665.0,0.0,0.0,0.0,0
10086,5040000.0,0.0,0.0,0.0,0
10101,98971504.0,0.0,0.0,17.86257457097468,1
10105,79697700.0,0.0,0.0,0.0,0
10139,65713500.0,0.0,0.0,17.319000714575807,1
10151,398271624.0,0.0,0.0,0.0,0
10162,31231083961.0,0.0,0.0,0.0,0
10167,469824159.0,0.0,0.0,16.8014493818586,1
10181,300257220.0,0.0,0.0,0.0,0
10191,9811364.0,98113.0,98113.0,13.301690455217955,1
10193,21546861.0,0.0,0.0,16.842570844482168,1
10200,1587904654.0,0.0,0.0,16.19972761816657,1
10216,571086925.0,0.0,0.0,16.363882105887868,1
10236,209718000.0,0.0,0.0,0.0,0
10242,258094703.0,0.0,0.0,0.0,0
10249,235472605.0,0.0,0.0,0.0,0
10263,31965500.0,0.0,0.0,15.56536949987573,1
10267,796171537.0,0.0,0.0,18.387025062048235,1
10276,100148639.0,0.0,0.0,12.725824313370454,1
10288,379132119.0,0.0,0.0,0.0,0
10292,56985238.0,0.0,0.0,0.0,0
10318,1924520000.0,0.0,0.0,0.0,0
10332,168010437.0,0.0,0.0,15.447401308272298,1
10333,142533755.0,0.0,0.0,19.38588311833145,1
10345,33479261.0,0.0,0.0,17.915312949104905,1
10385,8090345000.0,0.0,0.0,22.757576752901546,1
10388,6116628951.0,0.0,0.0,0.0,0
10394,4887567781.0,48875652.0,48875652.0,0.0,0
10422,105649030.0,0.0,0.0,0.0,0
10450,402545541.0,0.0,0.0,0.0,0
10454,8559434.0,0.0,0.0,0.0,0
10456,291139431.0,0.0,0.0,0.0,0
10467,12721978.0,0.0,0.0,0.0,0
10472,806960138.0,0.0,0.0,18.885980037642966,1
10475,209993042.0,0.0,0.0,16.90875313472969,1
10504,35464951.0,0.0,0.0,17.384202563135542,1
10538,627591808.0,0.0,0.0,17.452521341667303,1
10556,113200000.0,0.0,0.0,18.765518151906022,1
10572,1129105925.0,0.0,0.0,15.971913256520972,1
10588,32862000.0,0.0,0.0,0.0,0
10590,83292387.0,0.0,0.0,16.53728264851058,1
10596,14363836769.0,0.0,0.0,0.0,0
10600,25295458.0,0.0,0.0,17.58746682757246,1
10605,351874760.0,0.0,0.0,0.0,0
10633,75700930.0,0.0,0.0,14.362975681802116,1
10637,348555552.0,0.0,0.0,14.427011579342466,1
10657,495180799.0,0.0,0.0,0.0,0
10660,624135.0,0.0,0.0,15.114968435890631,1
10675,7185749.0,0.0,0.0,0.0,0
10749,17124757.0,0.0,0.0,0.0,0
10804,893309855.0,0.0,0.0,0.0,0
10815,289938996.0,0.0,0.0,18.385538775001308,1
10824,1830435626.0,0.0,0.0,0.0,0
10834,34363196107.0,343631795.0,343631795.0,0.0,0
10839,68418.0,0.0,0.0,0.0,0
10861,1210286280.0,0.0,0.0,17.64339788760772,1
10862,3220233824.0,0.0,0.0,0.0,0
10866,44373.0,0.0,0.0,0.0,0
10897,9807290059.0,196145801.0,196145801.0,0.0,0
10904,1061418838.0,0.0,0.0,0.0,0
10937,918682749.0,0.0,0.0,0.0,0
10940,236296081.0,0.0,0.0,0.0,0
10952,219852908.0,0.0,0.0,17.42293792628108,1
10957,2919688.0,0.0,0.0,0.0,0
10962,1341347000.0,0.0,0.0,0.0,0
10966,1342317212.0,0.0,0.0,18.494089938446407,1
10975,3423286427.0,0.0,0.0,0.0,0
10986,141571660.0,0.0,0.0,18.004910919153787,1
10992,1266803306.0,0.0,0.0,0.0,0
11006,4461608.0,0.0,0.0,14.995834622175336,1
11016,248264600.0,0.0,0.0,18.497945433427123,1
11038,57587837.0,0.0,0.0,19.371416306432806,1
11086,3454403001.0,0.0,0.0,20.04215748401909,1
11097,115223180.0,0.0,0.0,0.0,0
11120,59080000.0,0.0,0.0,0.0,0
11121,1614539524.0,32290785.0,32290785.0,16.412452646461986,1
11171,187225759.0,0.0,0.0,16.396217570427645,1
11177,1714554.0,0.0,0.0,0.0,0
11203,528164872.0,0.0,0.0,0.0,0
11216,385273566.0,0.0,0.0,16.292363446440234,1
11220,7280319924.0,0.0,0.0,0.0,0
11226,61912574.0,0.0,0.0,19.26212875873691,1
11250,2691109413.0,0.0,0.0,15.017162471104648,1
11260,240739579.0,0.0,0.0,0.0,0
11297,231867160.0,0.0,0.0,16.828957250612785,1
11345,1113176321.0,0.0,0.0,0.0,0
11365,6964771.0,0.0,0.0,0.0,0
11371,19806228.0,0.0,0.0,0.0,0
11380,579846903.0,0.0,0.0,17.556102758483462,1
11382,245167332.0,0.0,0.0,0.0,0
11392,129107586.0,0.0,0.0,16.26191491647219,1
11413,2113604131.0,0.0,0.0,0.0,0
11443,1346564880.0,0.0,0.0,0.0,0
11448,36275800.0,0.0,0.0,17.374065500481105,1
11470,5424400290.0,54238972.0,54238972.0,0.0,0
11491,35567627.0,0.0,0.0,18.186192787514845,1
11558,24183472.0,0.0,0.0,18.050889745111046,1
11579,308099948.0,0.0,0.0,0.0,0
11591,129860259.0,0.0,0.0,0.0,0
11611,3693000.0,0.0,0.0,16.682606751560506,1
11628,87372339.0,0.0,0.0,18.25943042119738,1
11631,4907560.0,0.0,0.0,0.0,0
11642,50492382.0,0.0,0.0,17.033542947240655,1
11643,2809064.0,0.0,0.0,0.0,0
11679,293518935.0,0.0,0.0,0.0,0
11690,86036900.0,0.0,0.0,18.222732788467344,1
11698,1393422380.0,250446000.0,250446000.0,17.099886628864375,1
11704,70842534.0,0.0,0.0,0.0,0
11722,240904426.0,0.0,0.0,15.835898508737106,1
11723,767008.0,0.0,0.0,16.93847191248139,1
11725,211193573.0,0.0,0.0,17.572772393920946,1
11743,201941088.0,0.0,0.0,0.0,0
11781,2444900.0,0.0,0.0,11.735997013692314,1
11846,19885388233.0,0.0,0.0,16.714203542666134,1
11850,4064951701.0,0.0,0.0,19.788265265016538,1
11854,1118416135.0,0.0,0.0,0.0,0
11891,1396803266.0,0.0,0.0,17.20869865073187,1
11949,3380278627.0,0.0,0.0,0.0,0
11962,1555229323.0,6472152.0,6472152.0,0.0,0
11977,4464044915.0,0.0,0.0,0.0,0
11988,100000.0,0.0,0.0,15.460578707036849,1
11995,276727649.0,0.0,0.0,0.0,0
12013,808694122.0,0.0,0.0,0.0,0
12017,8017614460.0,3723791.0,3723791.0,0.0,0
12073,643680000.0,0.0,0.0,0.0,0
12096,903844127.0,0.0,0.0,0.0,0
12109,69456465.0,0.0,0.0,0.0,0
12178,8445000.0,0.0,0.0,20.297048297490974,1
12195,135797950.0,0.0,0.0,17.312189741066554,1
12206,1178968300.0,0.0,0.0,16.776527258962297,1
12234,111267821.0,0.0,0.0,15.368928443644018,1
12334,7571637.0,0.0,0.0,19.861462177666308,1
12336,558407628.0,0.0,0.0,0.0,0
12351,1235002140.0,0.0,0.0,18.286768684597746,1
12363,145495.0,0.0,0.0,16.682101844087565,1
12382,1424240304.0,0.0,0.0,16.262588731653732,1
12395,107933.0,0.0,0.0,17.759424730932782,1
12408,36620918.0,0.0,0.0,0.0,0
12430,328953.0,0.0,0.0,16.091359504273733,1
12432,1916871522.0,0.0,0.0,0.0,0
12454,1077800121.0,0.0,0.0,0.0,0
12487,105236869.0,0.0,0.0,0.0,0
12516,7514807970.0,75148027.0,75148027.0,0.0,0
12531,197540963.0,0.0,0.0,0.0,0
12535,2201017709.0,0.0,0.0,0.0,0
12543,284155007.0,0.0,0.0,0.0,0
12568,6520630558.0,0.0,0.0,14.556359691759233,1
12625,1021027.0,0.0,0.0,0.0,0
12629,20633400.0,0.0,0.0,16.257533366864713,1
12632,86607053.0,0.0,0.0,18.187156625496627,1
12636,18536749.0,0.0,0.0,0.0,0
12650,118950660.0,0.0,0.0,0.0,0
12687,1764114255.0,0.0,0.0,0.0,0
12691,9690088182.0,0.0,0.0,22.906543671696795,1
12693,514038094.0,0.0,0.0,0.0,0
12718,368923586.0,0.0,0.0,16.653209298162455,1
12731,29158446618.0,0.0,0.0,0.0,0
12732,68907051.0,0.0,0.0,17.456630807537223,1
12750,1765294341.0,0.0,0.0,0.0,0
12785,21096000.0,0.0,0.0,18.8882392049593,1
12791,22582058.0,0.0,0.0,15.281230282393723,1
12800,50451809.0,0.0,0.0,0.0,0
12831,2109637250.0,0.0,0.0,17.52647493491621,1
12867,13494223.0,0.0,0.0,18.358905111852668,1
12893,578506508.0,88410.0,88410.0,0.0,0
12911,2697316.0,0.0,0.0,0.0,0
12956,121487060.0,0.0,0.0,0.0,0
12979,272297046.0,0.0,0.0,18.57792893296956,1
12981,6000400.0,0.0,0.0,15.805553511896525,1
12984,1326044716.0,0.0,0.0,0.0,0
12992,2242471173.0,0.0,0.0,0.0,0
13049,3412352.0,0.0,0.0,18.439550956292642,1
13078,560813.0,0.0,0.0,18.73945272987701,1
13084,243944486.0,0.0,0.0,20.002965181005496,1
13094,6900714.0,0.0,0.0,14.881287967238805,1
13105,7782485.0,0.0,0.0,0.0,0
13122,119025750.0,0.0,0.0,0.0,0
13135,101325339.0,0.0,0.0,16.110546729412373,1
13159,1847297210.0,0.0,0.0,0.0,0
13160,1095775.0,0.0,0.0,15.753282682945965,1
13246,82247706.0,0.0,0.0,0.0,0
13251,3307375009.0,0.0,0.0,18.943489330385,1
13252,1562811274.0,0.0,0.0,0.0,0
13259,18238844.0,0.0,0.0,16.904220566012935,1
13273,22484268.0,0.0,0.0,17.72913689736529,1
13284,133921950.0,0.0,0.0,13.626769641096134,1
13285,20770125247.0,0.0,0.0,0.0,0
13305,275718977.0,0.0,0.0,17.17888920857014,1
13306,72030625.0,0.0,0.0,18.378276863493358,1
13312,1863227776.0,0.0,0.0,0.0,0
13371,5834000.0,0.0,0.0,17.110406425813125,1
13374,981143.0,0.0,0.0,18.508501868840987,1
13390,4268289.0,0.0,0.0,0.0,0
13402,4860068.0,0.0,0.0,16.936665146766586,1
13410,79864486.0,0.0,0.0,20.955990325747944,1
13464,205717547.0,0.0,0.0,0.0,0
13469,1709290743.0,34185804.0,34185804.0,0.0,0
13472,5529266553.0,0.0,0.0,0.0,0
13474,107562527.0,0.0,0.0,19.261746752338084,1
13486,2785373583.0,0.0,0.0,0.0,0
13523,177449957.0,0.0,0.0,16.254999338499115,1
13533,1561633698.0,0.0,0.0,0.0,0
13538,479621.0,0.0,0.0,0.0,0
13549,259541950.0,0.0,0.0,15.253298093494372,1
13565,39564906.0,0.0,0.0,14.738179306976088,1
13579,294903.0,0.0,0.0,14.83603372945767,1
13583,9206500.0,0.0,0.0,16.902716798823327,1
13591,1498329930.0,0.0,0.0,0.0,0
13662,8140874.0,0.0,0.0,16.252587906805886,1
13723,1675621228.0,0.0,0.0,17.615093334491114,1
13748,7199696854.0,71996933.0,71996933.0,0.0,0
13756,779752.0,0.0,0.0,0.0,0
13774,226220249.0,0.0,0.0,0.0,0
13806,1220149102.0,0.0,0.0,0.0,0
13814,4172419.0,0.0,0.0,17.351064633263032,1
13844,285939975.0,0.0,0.0,14.140131415026604,1
13917,71874550.0,0.0,0.0,17.57739462575578,1
13923,3689576448.0,0.0,0.0,0.0,0
13992,29159245.0,0.0,0.0,17.085192380510268,1
14016,2471873109.0,0.0,0.0,0.0,0
14026,69096510.0,0.0,0.0,22.90714307982498,1
14043,48291400.0,0.0,0.0,0.0,0
14048,486661072.0,0.0,0.0,16.504982717658848,1
14050,173689218.0,0.0,0.0,19.58084999770903,1
14053,11873904.0,0.0,0.0,0.0,0
14057,50061083.0,0.0,0.0,17.151583824840134,1
14061,24033507929.0,0.0,0.0,0.0,0
14085,344060450.0,0.0,0.0,18.67883273385019,1
14110,1464662924.0,0.0,0.0,0.0,0
14148,980351908.0,0.0,0.0,0.0,0
14163,47137165.0,0.0,0.0,18.16896272852684,1
14205,155875743.0,0.0,0.0,16.36954906957962,1
14214,6464337.0,0.0,0.0,20.22345812248372,1
14228,3544274260.0,15015959.0,15015959.0,0.0,0
14276,491884880.0,0.0,0.0,0.0,0
14284,1781054334.0,0.0,0.0,15.974867568453893,1
14288,594291832.0,0.0,0.0,0.0,0
14294,1352742298.0,0.0,0.0,0.0,0
14303,11468007307.0,0.0,0.0,0.0,0
14319,48619078.0,0.0,0.0,12.471888638231313,1
14323,18289760.0,0.0,0.0,17.384305179318293,1
14330,5697895314.0,0.0,0.0,14.581756701799653,1
14372,731515206.0,0.0,0.0,17.94039324855675,1
14373,24142571301.0,0.0,0.0,21.20120048919405,1
14376,31899922.0,0.0,0.0,15.352025887700574,1
14389,79092514.0,0.0,0.0,0.0,0
14394,10414414495.0,0.0,0.0,16.726085080955734,1
14414,1743045917.0,0.0,0.0,0.0,0
14417,13289050.0,0.0,0.0,0.0,0
14419,22462184947.0,0.0,0.0,0.0,0
14432,27235699.0,0.0,0.0,0.0,0
14442,15056602574.0,150565984.0,150565984.0,0.0,0
14447,50723083.0,0.0,0.0,0.0,0
14468,688095684.0,0.0,0.0,0.0,0
14480,169441790.0,0.0,0.0,16.528550290625297,1
14488,23016346.0,0.0,0.0,13.414998662419707,1
14490,30613090.0,0.0,0.0,19.701376988967453,1
14494,163348571.0,0.0,0.0,14.835235471305337,1
14518,339759000.0,0.0,0.0,0.0,0
14544,24988245.0,0.0,0.0,14.982795622449734,1
14559,57756419.0,0.0,0.0,0.0,0
14569,270204443.0,0.0,0.0,0.0,0
14570,167875680.0,0.0,0.0,0.0,0
14589,2435976400.0,0.0,0.0,0.0,0
14614,15773885409.0,157738803.0,157738803.0,0.0,0
14640,105622480.0,0.0,0.0,17.50757608116548,1
14666,4157607.0,0.0,0.0,0.0,0
14686,530942282.0,0.0,0.0,0.0,0
14710,4500000.0,0.0,0.0,15.825251075690666,1
14745,31502778.0,0.0,0.0,0.0,0
14754,550833553.0,0.0,0.0,16.948277885397133,1
14806,329808142.0,0.0,0.0,13.72742114555776,1
14813,887950917.0,0.0,0.0,0.0,0
14867,3988302092.0,0.0,0.0,19.635751683518244,1
14874,1559832738.0,0.0,0.0,0.0,0
14892,32008830.0,0.0,0.0,19.50679594159157,1
14942,1181263816.0,0.0,0.0,0.0,0
14943,50901875.0,0.0,0.0,0.0,0
14973,398210500.0,0.0,0.0,0.0,0
14976,1609729699.0,0.0,0.0,0.0,0
14987,12883288355.0,0.0,0.0,0.0,0
14990,88559728.0,0.0,0.0,18.50394079350337,1
15005,20426590.0,0.0,0.0,15.63975673956586,1
15036,531994594.0,0.0,0.0,18.2179883105992,1
15058,1045995843.0,0.0,0.0,0.0,0
15067,62270480.0,0.0,0.0,13.210123307491502,1
15109,95343635.0,953435.0,953435.0,0.0,0
15127,666600670.0,0.0,0.0,0.0,0
15137,18656199.0,0.0,0.0,0.0,0
15150,56404917.0,0.0,0.0,0.0,0
15182,6179200.0,0.0,0.0,0.0,0
15188,325283746.0,0.0,0.0,18.728481900975385,1
15205,1668025980.0,198018.0,198018.0,20.114185563175297,1
15209,285458650.0,0.0,0.0,18.786952551331524,1
15215,145005232.0,0.0,0.0,18.3664853794721,1
15230,228198926.0,0.0,0.0,13.210290002093641,1
15244,84157427.0,0.0,0.0,18.64190471004117,1
15257,3852360947.0,38523576.0,38523576.0,0.0,0
15270,205207669.0,0.0,0.0,0.0,0
15279,115733078.0,0.0,0.0,17.568319378969,1
15282,1120179620.0,0.0,0.0,0.0,0
15302,2550633860.0,0.0,0.0,0.0,0
15308,2933129451.0,0.0,0.0,20.18635389458287,1
15316,48634880.0,0.0,0.0,17.04617340217783,1
15349,277070616.0,0.0,0.0,16.918083011932065,1
15378,3321521.0,0.0,0.0,13.300979745121793,1
15381,1546244950.0,0.0,0.0,0.0,0
15383,7000000.0,0.0,0.0,17.731824185494613,1
15385,7274647956.0,0.0,0.0,0.0,0
15423,29965422484.0,0.0,0.0,17.253581316607193,1
15455,1586750.0,0.0,0.0,16.356290166118605,1
15482,1700000.0,0.0,0.0,17.453758972036045,1
15511,53570901.0,0.0,0.0,0.0,0
15518,41700807.0,0.0,0.0,19.872665031837887,1
15524,5062798698.0,0.0,0.0,0.0,0
15526,1032525.0,0.0,0.0,0.0,0
15528,30874075.0,0.0,0.0,12.914652625462693,1
15554,32363540.0,0.0,0.0,16.02540190530298,1
15565,584535956.0,0.0,0.0,17.7566578829105,1
15576,177290684.0,0.0,0.0,14.080631020625482,1
15598,239767570.0,0.0,0.0,18.582581950698717,1
15612,260744655.0,0.0,0.0,0.0,0
15617,30911373.0,0.0,0.0,17.261150571720798,1
15657,64405484.0,0.0,0.0,14.689140105044146,1
15691,16797000.0,0.0,0.0,17.776872129542948,1
15754,521926588.0,0.0,0.0,0.0,0
15755,17487530.0,0.0,0.0,18.24853306530025,1
15780,381487265.0,0.0,0.0,0.0,0
15785,100096968.0,0.0,0.0,15.505867040546212,1
15810,1587112092.0,0.0,0.0,0.0,0
15814,118146755.0,0.0,0.0,16.82010697862799,1
15885,4838915464.0,46521506.0,46521506.0,0.0,0
15894,9952656.0,0.0,0.0,18.915401900112254,1
15926,49269651.0,0.0,0.0,0.0,0
15935,76776470.0,0.0,0.0,0.0,0
15951,2409517772.0,0.0,0.0,0.0,0
15982,686995046.0,0.0,0.0,15.677033312945097,1
15990,108869185.0,0.0,0.0,19.24732843978513,1
15994,13046329298.0,0.0,0.0,0.0,0
16008,29834051.0,0.0,0.0,12.765691290604373,1
16037,9358708.0,0.0,0.0,0.0,0
16068,246480.0,0.0,0.0,0.0,0
16105,334984039.0,0.0,0.0,0.0,0
16148,958775175.0,0.0,0.0,18.17110127262002,1
16168,250194575.0,0.0,0.0,0.0,0
16184,5726236738.0,117810000.0,117810000.0,0.0,0
16215,10209117725.0,0.0,0.0,0.0,0
16229,36445797.0,0.0,0.0,19.06041529117482,1
16235,146515512.0,24960000.0,24960000.0,19.58074724278234,1
16267,17500000.0,0.0,0.0,0.0,0
16294,155049693.0,0.0,0.0,15.255536189192323,1
16311,12425981872.0,248519605.0,248519605.0,0.0,0
16320,20794157.0,0.0,0.0,0.0,0
16363,502910710.0,0.0,0.0,21.481253572245933,1
16373,615805.0,0.0,0.0,0.0,0
16411,237569935.0,0.0,0.0,0.0,0
16413,124122915.0,0.0,0.0,0.0,0
16445,16085415.0,0.0,0.0,0.0,0
16458,10077748.0,0.0,0.0,18.883177164490107,1
16475,45967378.0,0.0,0.0,0.0,0
16477,4490129.0,0.0,0.0,0.0,0
16481,120569973.0,0.0,0.0,16.649887460118258,1
16493,673978648.0,0.0,0.0,0.0,0
16495,2099749254.0,0.0,0.0,16.362279573052028,1
16501,31200074.0,0.0,0.0,13.573284844756346,1
16515,552440.0,0.0,0.0,0.0,0
16530,1800500.0,0.0,0.0,0.0,0
16546,438597325.0,0.0,0.0,16.77230260702436,1
16559,31539007.0,0.0,0.0,0.0,0
16592,7427217.0,0.0,0.0,14.986500870907824,1
16608,2731046166.0,0.0,0.0,17.669251652783913,1
16624,908203723.0,0.0,0.0,0.0,0
16637,178549696.0,0.0,0.0,15.278340406722286,1
16652,355752394.0,0.0,0.0,16.285317444634465,1
16662,405363912.0,0.0,0.0,18.28198766414004,1
16669,10010060082.0,200201180.0,200201180.0,0.0,0
16683,2529199.0,0.0,0.0,0.0,0
16694,76100623.0,0.0,0.0,13.488298711271419,1
16724,233689563.0,0.0,0.0,0.0,0
16762,51408194.0,0.0,0.0,0.0,0
16769,2754139311.0,0.0,0.0,0.0,0
16810,55653672.0,0.0,0.0,0.0,0
16823,187892438.0,0.0,0.0,20.059950275778963,1
16860,4146000.0,0.0,0.0,0.0,0
16890,116880185.0,0.0,0.0,18.53223097374445,1
16917,892933132.0,0.0,0.0,0.0,0
16918,23217840.0,0.0,0.0,0.0,0
16930,7323232.0,0.0,0.0,0.0,0
16934,295692000.0,0.0,0.0,16.762511620611054,1
16937,38325931.0,0.0,0.0,0.0,0
17007,62666802.0,0.0,0.0,19.550609493158763,1
17059,497795500.0,0.0,0.0,16.5557330364088,1
17060,11289547.0,0.0,0.0,18.92602699332735,1
17073,8631284047.0,0.0,0.0,0.0,0
17099,18288060.0,0.0,0.0,0.0,0
17124,128062.0,0.0,0.0,17.39830598474893,1
17127,147645388.0,0.0,0.0,0.0,0
17129,662280.0,0.0,0.0,0.0,0
17173,3307614765.0,582035000.0,582035000.0,18.841329856061485,1
17176,51085000.0,0.0,0.0,12.352374028642588,1
17211,2442093050.0,0.0,0.0,19.17299693214214,1
17212,153452991.0,0.0,0.0,18.71684373403989,1
17220,4211722659.0,0.0,0.0,20.886004580133392,1
17228,1185708494.0,0.0,0.0,15.833981206945332,1
17287,189036.0,0.0,0.0,20.54956822283073,1
17297,206048665.0,0.0,0.0,17.239366028692125,1
17298,424232778.0,0.0,0.0,0.0,0
17299,894793982.0,0.0,0.0,16.942185388497677,1
17309,64302567.0,0.0,0.0,17.17381999305166,1
17326,378562298.0,0.0,0.0,17.701451422354392,1
17351,502480306.0,0.0,0.0,17.449602910923247,1
17371,80695176.0,0.0,0.0,0.0,0
17379,161410654.0,0.0,0.0,18.637495518741847,1
17396,47374000.0,0.0,0.0,19.488666103167446,1
17404,4068991.0,0.0,0.0,16.509007843886753,1
17408,251763750.0,0.0,0.0,18.533739428526737,1
17428,65912613.0,0.0,0.0,0.0,0
17437,30077000.0,0.0,0.0,16.639203491091447,1
17449,1458522.0,0.0,0.0,16.008491811790527,1
17461,383302595.0,0.0,0.0,0.0,0
17480,85885650.0,0.0,0.0,22.94492487431331,1
17523,9305458.0,0.0,0.0,16.66041732550119,1
17539,1350297095.0,0.0,0.0,19.53567373664632,1
17544,179826696.0,0.0,0.0,0.0,0
17589,49248776.0,0.0,0.0,0.0,0
17606,63130348.0,0.0,0.0,0.0,0
17616,10949372000.0,0.0,0.0,21.361622188078172,1
17619,3917496512.0,0.0,0.0,18.147467333758613,1
17620,3346982.0,0.0,0.0,18.654754913797568,1
17621,133017588.0,0.0,0.0,17.20609589722379,1
17622,3068667151.0,0.0,0.0,17.374030811300152,1
17632,88269744.0,0.0,0.0,13.339516220203693,1
17633,441463702.0,0.0,0.0,17.651562666301853,1
17637,3701205721.0,37012036.0,37012036.0,19.370079045581967,1
17659,965664404.0,0.0,0.0,17.59927378280129,1
17668,784054277.0,0.0,0.0,15.058742536242328,1
17671,26683781.0,0.0,0.0,17.882190595001976,1
17673,320020649.0,0.0,0.0,0.0,0
17691,2215549924.0,0.0,0.0,0.0,0
17696,84377100.0,0.0,0.0,19.196281446912245,1
17707,266571160.0,0.0,0.0,17.128224352193893,1
17745,29735313.0,0.0,0.0,0.0,0
17758,524076000.0,0.0,0.0,0.0,0
17790,736703762.0,0.0,0.0,0.0,0
17880,23656571131.0,0.0,0.0,0.0,0
17889,3245710471.0,0.0,0.0,16.54826293258676,1
17891,3088925801.0,0.0,0.0,0.0,0
17914,6010840829.0,0.0,0.0,0.0,0
17917,3771180.0,0.0,0.0,13.394892724987756,1
17929,57671159.0,0.0,0.0,17.225006742441124,1
17934,271898720.0,0.0,0.0,0.0,0
17938,14589551.0,0.0,0.0,0.0,0
17950,333385288.0,0.0,0.0,0.0,0
17954,15007793.0,0.0,0.0,0.0,0
17991,450000.0,0.0,0.0,14.593960281287956,1
18016,94838100.0,0.0,0.0,0.0,0
18110,79969647.0,0.0,0.0,0.0,0
18112,284962611.0,0.0,0.0,12.472072600550215,1
18118,6389605150.0,31948023.0,31948023.0,11.685205103383673,1
18124,8102145.0,0.0,0.0,0.0,0
18159,272090461.0,0.0,0.0,17.888481949231902,1
18182,299685892.0,0.0,0.0,0.0,0
18195,1303315.0,0.0,0.0,0.0,0
18207,180418089.0,0.0,0.0,0.0,0
18245,133296932.0,0.0,0.0,0.0,0
18283,990513601.0,0.0,0.0,15.06133551401628,1
18294,1426899009.0,0.0,0.0,0.0,0
18302,19200045.0,0.0,0.0,15.246821304834022,1
18309,2939657154.0,58793132.0,58793132.0,0.0,0
18337,343075115.0,0.0,0.0,14.262332557509827,1
18367,288682225.0,0.0,0.0,17.25932352470106,1
18401,49963738.0,249902.0,249902.0,13.970674153190904,1
18409,62811545.0,0.0,0.0,0.0,0
18419,673900.0,0.0,0.0,16.92553279572006,1
18422,12010732.0,0.0,0.0,0.0,0
18429,113738814.0,0.0,0.0,0.0,0
18430,172011445.0,0.0,0.0,0.0,0
18456,9428072.0,0.0,0.0,18.221965392225712,1
18468,607546630.0,0.0,0.0,18.353177662177426,1
18508,13698600.0,0.0,0.0,0.0,0
18611,19597022.0,0.0,0.0,19.245635256172452,1
18650,208400.0,0.0,0.0,0.0,0
18671,2159650000.0,0.0,0.0,0.0,0
18675,4672731.0,0.0,0.0,0.0,0
18719,910382083.0,0.0,0.0,12.44603004847143,1
18728,59012910.0,0.0,0.0,17.158290627824506,1
18730,1942851192.0,0.0,0.0,16.77488927613703,1
18738,60000000.0,0.0,0.0,17.25867759533158,1
18779,5407270.0,0.0,0.0,0.0,0
18785,9759002404.0,0.0,0.0,0.0,0
18802,1215059850.0,0.0,0.0,0.0,0
18818,182630700.0,0.0,0.0,0.0,0
18827,355146662.0,0.0,0.0,19.2217307557455,1
18835,164614852.0,1646148.0,1646148.0,17.501202462234744,1
18840,1555387412.0,0.0,0.0,0.0,0
18845,22353586.0,0.0,0.0,16.79981968510453,1
18868,42985719.0,0.0,0.0,15.488207736137564,1
18876,291562500.0,0.0,0.0,14.882196584167126,1
18879,20264485188.0,0.0,0.0,17.200860056012555,1
18917,17060696319.0,12533.0,12533.0,0.0,0
18972,103826466.0,0.0,0.0,0.0,0
18983,281138177.0,0.0,0.0,15.344878545687791,1
19072,1717542372.0,0.0,0.0,19.07357352929376,1
19073,2925220.0,0.0,0.0,13.529488440358145,1
19084,73603439.0,0.0,0.0,0.0,0
19088,119319781.0,0.0,0.0,16.532929138440515,1
19093,1250860540.0,0.0,0.0,0.0,0
19131,10596492113.0,0.0,0.0,0.0,0
19148,313109.0,0.0,0.0,0.0,0
19194,3241152972.0,0.0,0.0,0.0,0
19196,1639575.0,0.0,0.0,18.48092826879432,1
19206,932623253.0,18652461.0,18652461.0,16.371289456547274,1
19211,16060000.0,0.0,0.0,16.21913240260607,1
19218,182942622.0,0.0,0.0,18.289952755259296,1
19219,5955100600.0,0.0,0.0,0.0,0
19220,15023123083.0,0.0,0.0,0.0,0
19316,3952711.0,0.0,0.0,17.643735128463053,1
19331,69916148.0,0.0,0.0,18.98660477019113,1
19377,2910578287.0,29105763.0,29105763.0,0.0,0
19385,14448896.0,0.0,0.0,19.719015552342405,1
19391,273423487.0,0.0,0.0,0.0,0
19420,111000000.0,0.0,0.0,17.329153407630884,1
19432,880385970.0,0.0,0.0,18.37969877830408,1
19443,32846175.0,0.0,0.0,18.601143983477193,1
19448,212819684.0,0.0,0.0,17.887350002450273,1
19456,24929943.0,0.0,0.0,19.944207341742686,1
19499,1756424742.0,17564231.0,17564231.0,0.0,0
19547,839829143.0,0.0,0.0,0.0,0
19603,956167974.0,0.0,0.0,0.0,0
19610,126793882.0,0.0,0.0,18.22961376922603,1
19625,2490530015.0,19738976.0,19738976.0,0.0,0
19632,354773353.0,0.0,0.0,0.0,0
19639,1340430878.0,0.0,0.0,0.0,0
19647,1190000.0,0.0,0.0,0.0,0
19658,217507091.0,0.0,0.0,0.0,0
19671,20220980475.0,0.0,0.0,17.03326267170555,1
19684,12202552683.0,0.0,0.0,0.0,0
19695,12266996.0,0.0,0.0,18.06304342279148,1
19696,21666407913.0,0.0,0.0,17.800678945261875,1
19703,60855840.0,0.0,0.0,19.02580930405962,1
19713,1261943550.0,0.0,0.0,0.0,0
19725,667825106.0,0.0,0.0,16.992103154563335,1
19754,8495690599.0,0.0,0.0,17.43961372934426,1
19758,11248666.0,0.0,0.0,0.0,0
19764,4576382.0,0.0,0.0,17.604823658121923,1
19796,3395383.0,0.0,0.0,14.019777053508795,1
19812,349929531.0,0.0,0.0,19.81568079534496,1
19846,360264739.0,0.0,0.0,0.0,0
19853,4352846.0,0.0,0.0,16.939809909799493,1
19883,8654309648.0,0.0,0.0,16.575976216926357,1
19897,2496216394.0,0.0,0.0,0.0,0
19902,2005344687.0,0.0,0.0,0.0,0
19946,2079000.0,0.0,0.0,21.42865207376289,1
19947,102813515.0,0.0,0.0,14.461008323453052,1
19972,25550047472.0,0.0,0.0,0.0,0
19996,3714882375.0,0.0,0.0,0.0,0
20021,27580000.0,0.0,0.0,16.37987597573544,1
20034,5816323.0,0.0,0.0,16.606149515114065,1
20038,25133862201.0,0.0,0.0,0.0,0
20049,7216094.0,0.0,0.0,0.0,0
20055,101724088.0,0.0,0.0,0.0,0
20126,438451476.0,0.0,0.0,20.076247870031843,1
20144,150343038.0,0.0,0.0,18.353830443377333,1
20157,42526365.0,0.0,0.0,18.05545008979629,1
20170,120968613.0,0.0,0.0,19.112027043899808,1
20181,123026431.0,0.0,0.0,18.389412580485,1
20204,142389243.0,0.0,0.0,0.0,0
20209,225907600.0,0.0,0.0,17.041938712063757,1
20229,449204313.0,0.0,0.0,0.0,0
20243,263186240.0,0.0,0.0,0.0,0
20246,31805900.0,0.0,0.0,20.42353616540445,1
20257,137053.0,0.0,0.0,0.0,0
20288,484001796.0,0.0,0.0,20.350477894509208,1
20293,6096655120.0,0.0,0.0,0.0,0
20307,3190684.0,0.0,0.0,18.156473267813453,1
20311,82032151.0,0.0,0.0,17.075139959012247,1
20323,206776.0,0.0,0.0,18.51968690338335,1
20345,241195407.0,0.0,0.0,19.058120539185825,1
20349,300964542.0,0.0,0.0,14.626441218624947,1
20364,199532959.0,0.0,0.0,18.327539643992548,1
20366,300476396.0,0.0,0.0,18.380007592521093,1
20372,99439604.0,994396.0,994396.0,0.0,0
20434,298046035.0,0.0,0.0,0.0,0
20444,43864.0,0.0,0.0,0.0,0
20445,1290555.0,0.0,0.0,18.01947494210705,1
20446,128119463.0,0.0,0.0,0.0,0
20471,58552500.0,0.0,0.0,0.0,0
20516,814239275.0,0.0,0.0,0.0,0
20521,493181958.0,0.0,0.0,20.17545025936568,1
20523,1738195.0,0.0,0.0,18.115090011116227,1
20534,5192674295.0,0.0,0.0,0.0,0
20548,2267800.0,0.0,0.0,15.363810454317653,1
20582,680500259.0,0.0,0.0,0.0,0
20585,202253358.0,0.0,0.0,0.0,0
20639,58250808.0,0.0,0.0,16.966088826700627,1
20655,1580757748.0,0.0,0.0,14.478666978002126,1
20677,456165874.0,0.0,0.0,0.0,0
20690,12041093353.0,0.0,0.0,18.764616062369896,1
20696,19750000.0,0.0,0.0,0.0,0
20702,961342976.0,0.0,0.0,18.68781825219083,1
20708,7667988.0,0.0,0.0,0.0,0
20717,268968584.0,0.0,0.0,0.0,0
20719,289140476.0,0.0,0.0,0.0,0
20734,1072532301.0,0.0,0.0,0.0,0
20736,213934439.0,0.0,0.0,0.0,0
20741,1284542204.0,0.0,0.0,18.89950978319866,1
20756,1414894.0,0.0,0.0,0.0,0
20767,860768571.0,0.0,0.0,17.431514407171015,1
20790,913693637.0,0.0,0.0,0.0,0
20815,112953.0,0.0,0.0,18.8775206034637,1
20831,859718189.0,0.0,0.0,21.574485306334854,1
20834,2579346478.0,0.0,0.0,17.927856076427922,1
20844,3409664157.0,0.0,0.0,0.0,0
20871,24809274071.0,0.0,0.0,0.0,0
20881,1541235991.0,55816.0,55816.0,18.762607584280516,1
20896,294585423.0,0.0,0.0,18.63171301692731,1
20910,151845.0,0.0,0.0,20.178867877996694,1
20933,1672828989.0,0.0,0.0,0.0,0
20945,115063420.0,0.0,0.0,0.0,0
20977,22425000.0,8775000.0,8775000.0,17.826667858302738,1
20979,7415801.0,0.0,0.0,17.024241537462586,1
21000,2197905012.0,0.0,0.0,0.0,0
21013,8972894.0,0.0,0.0,22.367270714086494,1
21022,579750.0,0.0,0.0,0.0,0
21027,1651876.0,0.0,0.0,18.88291890610337,1
21033,1942415250.0,0.0,0.0,0.0,0
21040,278641980.0,198019.0,198019.0,17.645718683014707,1
21047,25306620.0,0.0,0.0,18.66322293508845,1
21077,1072008.0,0.0,0.0,17.965803129560086,1
21088,637170710.0,0.0,0.0,0.0,0
21101,39735313.0,0.0,0.0,15.624486797700904,1
21128,2780223956.0,0.0,0.0,14.581918887939038,1
21135,1296699682.0,0.0,0.0,11.746217347336257,1
21150,6471489728.0,0.0,0.0,14.669558158942523,1
21156,6102263.0,0.0,0.0,12.730475677709851,1
21220,1724831260.0,0.0,0.0,17.339520557553758,1
21230,50146363.0,0.0,0.0,15.563279128104575,1
21283,512830380.0,0.0,0.0,0.0,0
21290,284770000.0,0.0,0.0,0.0,0
21310,988025769.0,66791500.0,66791500.0,15.847220874600682,1
21315,828578698.0,0.0,0.0,21.36346461154542,1
21317,206854100.0,0.0,0.0,15.80978275234834,1
21349,1036495046.0,0.0,0.0,0.0,0
21376,3766817.0,0.0,0.0,0.0,0
21377,727483924.0,0.0,0.0,19.835450150358408,1
21402,198148050.0,0.0,0.0,18.341198176037928,1
21483,3732114291.0,0.0,0.0,0.0,0
21489,57385654.0,0.0,0.0,0.0,0
21490,207208107.0,0.0,0.0,0.0,0
21510,210282255.0,0.0,0.0,18.66798814369557,1
21520,3774707965.0,37747053.0,37747053.0,15.540194780173454,1
21528,222510189.0,0.0,0.0,0.0,0
21539,141486470.0,0.0,0.0,0.0,0
21554,4267876714.0,0.0,0.0,20.94866344835735,1
21557,146657.0,0.0,0.0,16.911455610284456,1
21566,116571902.0,0.0,0.0,0.0,0
21579,281270225.0,0.0,0.0,17.655403526142823,1
21604,212340581.0,0.0,0.0,0.0,0
21610,718047474.0,3399908.0,3399908.0,16.396802718272138,1
21626,4254213197.0,0.0,0.0,15.113300974223629,1
21628,98062353.0,0.0,0.0,0.0,0
21629,246253920.0,0.0,0.0,17.577957988460454,1
21630,5067174086.0,25335867.0,25335867.0,19.061319644960694,1
21662,143524913.0,0.0,0.0,0.0,0
21696,94348832.0,0.0,0.0,14.574901367638596,1
21705,41241107.0,0.0,0.0,0.0,0
21713,15238158584.0,0.0,0.0,0.0,0
21716,78198948.0,0.0,0.0,13.79950921661733,1
21718,3880000.0,0.0,0.0,13.818563891792625,1
21730,106936800.0,0.0,0.0,0.0,0
21732,4230859825.0,0.0,0.0,0.0,0
21742,17528956.0,0.0,0.0,0.0,0
21768,16162765983.0,0.0,0.0,16.72104565799076,1
21780,55169561.0,0.0,0.0,16.017524868415133,1
21814,1036157507.0,0.0,0.0,0.0,0
21863,484965.0,0.0,0.0,18.90461449076804,1
21881,105556334.0,0.0,0.0,19.46073165979953,1
21931,463430400.0,0.0,0.0,0.0,0
21946,991092.0,0.0,0.0,0.0,0
21956,392139636.0,0.0,0.0,0.0,0
21965,96832457.0,0.0,0.0,20.353308593951443,1
21968,21455865032.0,0.0,0.0,0.0,0
21979,2880002693.0,0.0,0.0,0.0,0
21984,1420368745.0,0.0,0.0,0.0,0
22003,838925985.0,0.0,0.0,21.02884786452584,1
22009,2064503567.0,0.0,0.0,0.0,0
22015,1984336158.0,0.0,0.0,0.0,0
22034,173711499.0,0.0,0.0,0.0,0
22056,85071415.0,0.0,0.0,0.0,0
22061,4689768602.0,0.0,0.0,15.88672560463181,1
22062,1433198043.0,0.0,0.0,0.0,0
22118,672690915.0,13453817.0,13453817.0,18.35587959633148,1
22142,9726067.0,0.0,0.0,16.93514250015406,1
22162,170922861.0,0.0,0.0,0.0,0
22227,526185512.0,0.0,0.0,0.0,0
22249,230512971.0,0.0,0.0,17.60946817037695,1
22255,994529381.0,0.0,0.0,0.0,0
22268,46309409.0,0.0,0.0,19.16854864431117,1
22314,20726733.0,0.0,0.0,16.274477753594578,1
22324,31111375.0,0.0,0.0,16.8609745047099,1
22327,16987360.0,0.0,0.0,16.9469399584962,1
22334,4429863.0,0.0,0.0,17.556599870043005,1
22339,895843556.0,146501900.0,146501900.0,17.416422141430694,1
22430,1273944155.0,0.0,0.0,0.0,0
22436,46998178.0,0.0,0.0,0.0,0
22440,157190591.0,0.0,0.0,20.043759945482915,1
22459,23380042.0,0.0,0.0,15.58720489544487,1
22462,324816379.0,0.0,0.0,19.262686191338513,1
22472,177454248.0,0.0,0.0,0.0,0
22477,21165493.0,0.0,0.0,13.839673274086746,1
22495,595397298.0,0.0,0.0,15.61610538025307,1
22518,4167308648.0,0.0,0.0,0.0,0
22533,2009393986.0,0.0,0.0,0.0,0
22543,269931105.0,0.0,0.0,0.0,0
22615,744631800.0,0.0,0.0,0.0,0
22628,270304926.0,0.0,0.0,0.0,0
22639,10046275345.0,4161015.0,4161015.0,0.0,0
22649,1756445605.0,0.0,0.0,20.650039783172947,1
22657,49767482.0,0.0,0.0,18.985481193983503,1
22665,2455881650.0,0.0,0.0,0.0,0
22683,83164937.0,0.0,0.0,0.0,0
22715,25202825.0,0.0,0.0,19.453579869861482,1
22728,1244351383.0,0.0,0.0,0.0,0
22731,1337318580.0,0.0,0.0,17.69554871848775,1
22737,38135104516.0,0.0,0.0,0.0,0
22748,149763085.0,0.0,0.0,9.357293784932343,1
22786,83613600.0,0.0,0.0,0.0,0
22815,45659.0,0.0,0.0,15.150292390140159,1
22824,1262732006.0,0.0,0.0,21.088459706479306,1
22825,11100000.0,0.0,0.0,14.836020394334307,1
22844,912620336.0,0.0,0.0,0.0,0
22847,2699096628.0,620806.0,620806.0,12.818844563126204,1
22856,937692858.0,613458.0,613458.0,0.0,0
22897,7629177033.0,76291737.0,76291737.0,15.540194780173454,1
22928,2982225711.0,0.0,0.0,0.0,0
22944,231551151.0,0.0,0.0,0.0,0
22964,171923248.0,0.0,0.0,15.657674284837134,1
22977,159403628.0,0.0,0.0,0.0,0
22980,23962568.0,0.0,0.0,19.338946464252317,1
23012,38651011.0,0.0,0.0,0.0,0
23019,6157148337.0,0.0,0.0,0.0,0
23021,3476897136.0,0.0,0.0,0.0,0
23024,2585400.0,0.0,0.0,21.107460774323105,1
23048,100235469.0,0.0,0.0,18.872249458281782,1
23057,908234125.0,0.0,0.0,16.88802381014782,1
23107,159174781.0,0.0,0.0,17.272209910099022,1
23138,19745418.0,0.0,0.0,18.057815393207253,1
23163,62612333.0,0.0,0.0,18.271827784722987,1
23181,1077471224.0,0.0,0.0,0.0,0
23186,2698330.0,0.0,0.0,20.95823474194148,1
23209,6957450.0,0.0,0.0,16.51368926243915,1
23220,20000000.0,0.0,0.0,0.0,0
23293,504954036.0,0.0,0.0,0.0,0
23351,996437674.0,0.0,0.0,19.778957139556862,1
23363,115618919.0,0.0,0.0,0.0,0
23374,4914746453.0,49147440.0,49147440.0,0.0,0
23389,36723750.0,0.0,0.0,16.137732284086074,1
23405,191284604.0,0.0,0.0,14.902688388340053,1
23406,1170060551.0,0.0,0.0,19.433503276420954,1
23430,822028441.0,0.0,0.0,0.0,0
23464,586735031.0,0.0,0.0,0.0,0
23506,39893067.0,0.0,0.0,0.0,0
23522,9413712.0,0.0,0.0,17.240464081344477,1
23529,89348018.0,0.0,0.0,0.0,0
23588,26886651.0,0.0,0.0,0.0,0
23599,114644542.0,0.0,0.0,0.0,0
23620,2027240.0,0.0,0.0,18.957534745338236,1
23628,919485140.0,0.0,0.0,0.0,0
23639,220000.0,0.0,0.0,15.121721939766402,1
23654,19001061.0,0.0,0.0,13.20696368343032,1
23683,64479385.0,0.0,0.0,0.0,0
23691,85827222.0,21366000.0,21366000.0,18.015868482693318,1
23698,2851253.0,0.0,0.0,0.0,0
23729,552178218.0,5521779.0,5521779.0,15.242084686625939,1
23730,286053746.0,0.0,0.0,15.682903953533149,1
23735,2139228.0,0.0,0.0,17.821121060230123,1
23739,937524766.0,0.0,0.0,0.0,0
23769,695607522.0,0.0,0.0,0.0,0
23789,20783625.0,0.0,0.0,18.61728640379586,1
23817,771996359.0,0.0,0.0,14.28970601421426,1
23819,619725589.0,0.0,0.0,0.0,0
23847,62314024.0,0.0,0.0,0.0,0
23852,109758398.0,0.0,0.0,0.0,0
23865,16543406.0,0.0,0.0,15.498033305039653,1
23866,4232655.0,0.0,0.0,16.31185166776383,1
23877,256024257.0,0.0,0.0,18.41268209991885,1
23893,4465700.0,0.0,0.0,16.677626578150313,1
23911,10166000.0,0.0,0.0,17.75596804450138,1
23955,1222398400.0,0.0,0.0,21.40764834170636,1
23959,223317055.0,65049.0,65049.0,0.0,0
23969,150460553.0,0.0,0.0,15.052278862516438,1
23988,12219690230.0,0.0,0.0,0.0,0
24005,19720000.0,0.0,0.0,16.065141398996754,1
24022,3854962.0,0.0,0.0,15.91534291176881,1
24026,91093994.0,0.0,0.0,17.27221558614387,1
24028,1618744775.0,0.0,0.0,0.0,0
24034,3251463214.0,0.0,0.0,0.0,0
24036,13471018745.0,0.0,0.0,0.0,0
24046,126057135.0,0.0,0.0,17.043691515491034,1
24072,483135075.0,0.0,0.0,19.143033222531027,1
24085,51898667.0,0.0,0.0,17.540399734166904,1
24088,1164784847.0,0.0,0.0,0.0,0
24095,24452549959.0,0.0,0.0,0.0,0
24124,140373333.0,0.0,0.0,17.82980289024528,1
24146,281053961.0,2810538.0,2810538.0,0.0,0
24164,124529913.0,0.0,0.0,16.97021391735502,1
24182,12567023321.0,0.0,0.0,0.0,0
24186,3130176359.0,0.0,0.0,0.0,0
24202,44408418107.0,444083989.0,444083989.0,0.0,0
24214,443010.0,0.0,0.0,18.85981267085527,1
24216,4354325.0,0.0,0.0,18.712980349171886,1
24219,1154421430.0,0.0,0.0,0.0,0
24221,3493065797.0,0.0,0.0,14.507460522146607,1
24244,20782500.0,0.0,0.0,18.73236249872988,1
24272,279204588.0,0.0,0.0,19.135851847609143,1
24285,2080500.0,0.0,0.0,18.843477815399442,1
24306,83570597.0,0.0,0.0,17.818849723161573,1
24307,20280214601.0,0.0,0.0,0.0,0
24313,370302030.0,0.0,0.0,0.0,0
24327,338498379.0,0.0,0.0,0.0,0
24359,11359140.0,0.0,0.0,18.433761259769863,1
24368,133145385.0,0.0,0.0,19.74138003932127,1
24379,49310726.0,0.0,0.0,16.19630322965839,1
24382,430216790.0,8604335.0,8604335.0,0.0,0
24392,15340791988.0,0.0,0.0,0.0,0
24395,1404159485.0,0.0,0.0,0.0,0
24410,468658061.0,0.0,0.0,0.0,0
24411,430177534.0,0.0,0.0,18.548355574095236,1
24454,414797461.0,0.0,0.0,0.0,0
24478,34480643.0,0.0,0.0,0.0,0
24487,14327651.0,0.0,0.0,13.532481642765136,1
24501,66790637.0,0.0,0.0,0.0,0
24510,725948998.0,0.0,0.0,16.215033233097557,1
24570,130436747.0,0.0,0.0,15.808448093919909,1
24585,439295495.0,0.0,0.0,0.0,0
24612,3084261318.0,0.0,0.0,0.0,0
24614,846598679.0,0.0,0.0,0.0,0
24656,9157200.0,0.0,0.0,18.512541499509307,1
24664,1006074861.0,0.0,0.0,0.0,0
24673,2985714287.0,0.0,0.0,17.896630087010237,1
24691,152080578.0,0.0,0.0,0.0,0
24711,201765000.0,0.0,0.0,0.0,0
24728,38722275.0,0.0,0.0,19.1950812775205,1
24742,584298689.0,11685905.0,11685905.0,19.641381202687512,1
24752,27150184.0,0.0,0.0,0.0,0
24779,12031463.0,0.0,0.0,18.153460101346546,1
24786,1119716.0,0.0,0.0,0.0,0
24806,46892203.0,0.0,0.0,19.9267157101055,1
24867,22320500.0,0.0,0.0,17.701199300531314,1
24874,1806474879.0,0.0,0.0,0.0,0
24901,108331905.0,0.0,0.0,15.698126516143805,1
24902,2309791415.0,23097900.0,23097900.0,0.0,0
24921,154594169.0,0.0,0.0,16.55590080333491,1
24931,106622749.0,0.0,0.0,17.375432571539385,1
24949,184836005.0,0.0,0.0,18.461424181787127,1
24957,47858246.0,0.0,0.0,0.0,0
24958,6326253727.0,0.0,0.0,21.12756955490204,1
24960,955955019.0,0.0,0.0,0.0,0
24965,8813881485.0,75131166.0,75131166.0,0.0,0
24981,43998681.0,0.0,0.0,0.0,0
24998,36981732.0,0.0,0.0,0.0,0
