,FAC_MNTPRI_C,FAC_MFODEC_C,FAC_MNTDCO_C,FAC_MNTTVA_C
12,169288910.0,0.0,0.0,30472006.0
17,2398725.0,0.0,0.0,431767.0
24,42372881.0,0.0,0.0,7627119.0
49,22995972.0,0.0,0.0,4139280.0
64,606990100.0,0.0,0.0,11239200.0
77,23160936.0,0.0,0.0,4168968.0
88,15459852.0,0.0,0.0,2782776.0
89,1062394191.0,4292488.0,0.0,157989047.0
94,156859396.0,0.0,0.0,28234656.0
106,502837228.0,0.0,0.0,74104524.0
108,619837311.0,5653378.0,0.0,110242349.0
114,486889779.0,0.0,0.0,59190374.0
125,7067384.0,0.0,0.0,1272128.0
138,1561912061.0,992514.0,5129248.0,275552163.0
140,40302336.0,0.0,0.0,7254420.0
142,8452026.0,0.0,0.0,1521365.0
145,21473390.0,0.0,0.0,3865208.0
150,71853540.0,0.0,0.0,0.0
154,23698092.0,0.0,0.0,4265652.0
159,34182840.0,0.0,0.0,6152913.0
166,51610995.0,0.0,0.0,9289982.0
189,122952130.0,0.0,0.0,22131380.0
194,373929076.0,14388.0,0.0,63641144.0
195,255200187.0,0.0,0.0,45936033.0
205,209966106.0,33800.0,0.0,31804774.0
211,94234464.0,0.0,0.0,16962180.0
212,977454.0,0.0,0.0,175942.0
215,17436781.0,0.0,0.0,3138619.0
232,28202031.0,0.0,0.0,5076357.0
241,13736990.0,0.0,0.0,2472658.0
244,58337557.0,0.0,0.0,4490435.0
252,2000110890.0,2023660.0,0.0,356564976.0
254,79866771.0,45936.0,0.0,10610601.0
266,35159758.0,0.0,0.0,6328755.0
267,18290448.0,0.0,0.0,3292281.0
281,7752889.0,31090.0,0.0,1401115.0
302,28289664.0,0.0,0.0,5092140.0
314,20563524.0,0.0,0.0,3701436.0
315,12351141.0,0.0,0.0,2223208.0
317,25384092.0,0.0,0.0,4569132.0
319,4210527.0,0.0,0.0,505263.0
323,42763081.0,195507.0,0.0,7752508.0
324,4568616.0,0.0,0.0,822348.0
328,119632984.0,0.0,0.0,21533929.0
338,2649430.0,0.0,0.0,476898.0
345,994154039.0,0.0,0.0,178947714.0
354,326855959.0,48940.0,0.0,57519622.0
361,22134290.0,22886.0,0.0,3756386.0
373,17553756.0,0.0,0.0,3159672.0
378,21148338.0,0.0,0.0,3806700.0
385,13760287.0,0.0,0.0,2476852.0
400,11519655.0,0.0,0.0,2073474.0
405,47013902.0,0.0,0.0,8462505.0
407,1370371001.0,721400.0,0.0,97605499.0
411,24347304.0,0.0,0.0,4382424.0
426,5455289.0,0.0,0.0,981946.0
429,207492262.0,1524663.0,0.0,37379287.0
431,62919392.0,0.0,0.0,11325492.0
450,2521946.0,0.0,0.0,151451.0
453,35923004.0,0.0,0.0,6466140.0
462,39130866418.0,352228658.0,0.0,7415836088.0
468,8090000.0,0.0,0.0,970920.0
470,44057760.0,0.0,0.0,7930332.0
472,21392760.0,0.0,0.0,4064628.0
478,21981713.0,0.0,0.0,3724892.0
496,85562999.0,0.0,0.0,15401338.0
507,2870316153.0,2163813.0,0.0,432942478.0
523,350366423.0,84069.0,0.0,53453520.0
533,883432.0,0.0,0.0,159018.0
535,42928084.0,0.0,0.0,7727056.0
551,27544800.0,0.0,0.0,4958064.0
560,227134553.0,0.0,0.0,34284218.0
567,281428949.0,270000.0,0.0,44452939.0
570,26634708.0,0.0,0.0,4794252.0
576,22011693.0,0.0,0.0,3962101.0
577,32903928.0,0.0,0.0,5922708.0
578,67894853.0,0.0,0.0,12221074.0
591,40129308.0,0.0,0.0,7223276.0
607,650000.0,6500.0,0.0,118170.0
611,21179472.0,0.0,0.0,3812304.0
619,1219659.0,0.0,0.0,62291.0
622,55762257.0,0.0,0.0,0.0
648,14443226.0,0.0,0.0,2097483.0
659,21171827.0,72763.0,0.0,3510540.0
660,12341923.0,0.0,0.0,1815351.0
661,19915976.0,0.0,0.0,3584729.0
667,95040000.0,0.0,0.0,17107200.0
672,3980850.0,26278.0,0.0,721282.0
702,86260138.0,0.0,0.0,15526746.0
711,6281135.0,24350.0,0.0,1124542.0
721,15182442.0,0.0,0.0,2732838.0
737,1387247500.0,0.0,0.0,249704550.0
744,15918578.0,0.0,0.0,2865342.0
746,38339415.0,38897.0,0.0,6651539.0
749,5215632.0,0.0,0.0,990972.0
762,15803210057.0,788921.0,0.0,2844719833.0
763,918911868.0,0.0,0.0,165404047.0
766,4371614.0,0.0,0.0,786889.0
770,208672301.0,0.0,0.0,37561001.0
774,491.0,0.0,0.0,88.0
830,357227112.0,0.0,0.0,64300884.0
836,287524046.0,0.0,0.0,51754164.0
838,1027859.0,0.0,0.0,123343.0
842,135632877.0,0.0,0.0,8621251.0
848,426119071.0,0.0,0.0,76701429.0
854,30375234.0,0.0,0.0,3645028.0
857,29083513.0,0.0,400.0,5217394.0
859,145144716.0,0.0,0.0,26126064.0
860,1146343.0,0.0,0.0,206338.0
862,7769707531.0,70659760.0,0.0,1395015157.0
867,1867013707.0,44489.0,0.0,335957967.0
874,197764632.0,0.0,0.0,35597628.0
877,1061705.0,0.0,0.0,128678.0
880,22246200.0,0.0,0.0,4004316.0
884,34545480.0,0.0,0.0,4166186.0
888,378013308.0,223640.0,0.0,61088930.0
899,3273700540.0,8129922.0,0.0,577016521.0
906,200643995.0,0.0,0.0,26047542.0
912,32353000.0,0.0,0.0,5283480.0
921,61451880.0,0.0,0.0,3687114.0
923,2882047584.0,0.0,0.0,469574785.0
924,1563718334.0,483856.0,0.0,274193777.0
937,3091235380.0,424239.0,0.0,509766013.0
943,7286199213.0,38556.0,0.0,1098527030.0
950,106436978.0,40000.0,0.0,14307964.0
954,707512920.0,4381825.0,0.0,99785769.0
963,38663937.0,0.0,0.0,6223188.0
966,61984211.0,0.0,0.0,0.0
969,7764048.0,0.0,0.0,1397532.0
970,44340178.0,0.0,0.0,7981233.0
974,961646106.0,0.0,0.0,173130450.0
977,226448184.0,0.0,0.0,30981240.0
982,469309800.0,4428672.0,0.0,82683048.0
987,13095264.0,0.0,0.0,2357148.0
990,523219872.0,0.0,0.0,60896772.0
991,4622321706.0,712.0,0.0,570361161.0
1009,26441016.0,0.0,0.0,0.0
1010,15005073.0,0.0,0.0,2700912.0
1015,26431564.0,0.0,0.0,4757681.0
1020,8762000.0,0.0,0.0,1273080.0
1023,6359961.0,0.0,0.0,1144794.0
1033,29903237.0,0.0,0.0,5382582.0
1045,11562522004.0,1050849.0,0.0,1085280809.0
1064,297676272.0,0.0,0.0,53581728.0
1076,41442327.0,0.0,0.0,7459618.0
1081,20176680.0,0.0,0.0,3631800.0
1091,1668133675.0,30066.0,0.0,243372069.0
1097,15824080.0,0.0,0.0,2848332.0
1128,160811264.0,0.0,0.0,26920853.0
1129,151096360.0,0.0,0.0,13414626.0
1143,97476398.0,974763.0,0.0,17721208.0
1144,38115155.0,0.0,0.0,6860727.0
1151,13237991.0,0.0,0.0,2382836.0
1158,24115519.0,0.0,0.0,4340788.0
1163,24101980.0,0.0,0.0,4338356.0
1167,34771870.0,0.0,0.0,2086312.0
1175,182516448.0,1626247.0,1354.0,31560121.0
1183,29708453.0,0.0,0.0,5347520.0
1194,9195645.0,0.0,0.0,1655215.0
1204,7299280.0,0.0,0.0,1313870.0
1207,52826400.0,0.0,0.0,3169584.0
1225,1902169806.0,15605402.0,0.0,334051016.0
1228,126899173.0,0.0,0.0,22187128.0
1241,6882906059.0,55625.0,0.0,1238846802.0
1260,75675808.0,0.0,0.0,9121648.0
1263,46885512.0,0.0,0.0,8439372.0
1264,137709336.0,0.0,0.0,24787668.0
1279,57668785.0,0.0,0.0,630090.0
1283,4656300.0,0.0,0.0,279378.0
1298,12970282.0,0.0,0.0,2334644.0
1300,123880780.0,0.0,0.0,22298539.0
1330,79000480.0,0.0,0.0,4380000.0
1348,85049049.0,616097.0,0.0,14016495.0
1349,11044680.0,0.0,0.0,1988040.0
1361,31727664.0,0.0,0.0,5710980.0
1363,2408820.0,0.0,0.0,411386.0
1368,36260262.0,0.0,0.0,6418844.0
1371,1471921469.0,512951.0,0.0,186480560.0
1372,9652236.0,0.0,0.0,1737398.0
1375,68892254.0,0.0,0.0,12400606.0
1383,12277143364.0,2449434.0,216980.0,1889662322.0
1391,11881148.0,0.0,0.0,1883913.0
1417,3841050.0,0.0,0.0,691389.0
1426,9469599.0,0.0,0.0,1704528.0
1436,16983899.0,0.0,0.0,3057084.0
1449,36608792.0,0.0,0.0,4129498.0
1462,430143234.0,0.0,0.0,51351275.0
1472,147855237.0,0.0,0.0,26613942.0
1473,31727664.0,0.0,0.0,5710980.0
1474,58834086.0,60863.0,0.0,9763985.0
1488,89963412.0,0.0,0.0,16193412.0
1493,112723332.0,0.0,0.0,20290200.0
1496,67387116.0,0.0,0.0,12129264.0
1498,17695992.0,0.0,0.0,3185280.0
1514,3082980.0,0.0,0.0,0.0
1515,1708000000.0,0.0,0.0,307440000.0
1527,3171836863.0,0.0,0.0,570930636.0
1529,35388288.0,0.0,0.0,6369888.0
1543,143061339.0,0.0,0.0,25751034.0
1545,395123817.0,253925.0,206150.0,65697896.0
1548,17592370.0,0.0,0.0,3166630.0
1550,243003832.0,0.0,0.0,43740695.0
1573,8672628.0,0.0,0.0,0.0
1595,65612436.0,0.0,0.0,11810232.0
1608,13008000.0,0.0,0.0,2341440.0
1621,7345176.0,0.0,0.0,1322136.0
1631,10051083.0,0.0,0.0,1809192.0
1635,3749000.0,0.0,0.0,674820.0
1641,512200000.0,0.0,0.0,92196000.0
1651,7590960.0,0.0,0.0,1366368.0
1661,386056232.0,3585048.0,0.0,57900514.0
1693,5437275.0,0.0,0.0,978711.0
1718,5902866.0,0.0,0.0,1062516.0
1724,5584718.0,0.0,0.0,670166.0
1730,40260864.0,0.0,0.0,7246944.0
1741,68526112.0,0.0,0.0,12334701.0
1742,30206316.0,0.0,0.0,5436936.0
1743,526888976.0,0.0,0.0,83409033.0
1747,43010184.0,0.0,0.0,7741827.0
1753,72956354.0,0.0,0.0,13132145.0
1766,19528056.0,0.0,0.0,3515052.0
1768,6470040.0,0.0,0.0,1164610.0
1787,7894539.0,0.0,0.0,1421016.0
1796,472247264.0,0.0,0.0,85004503.0
1799,14412834.0,0.0,0.0,2594304.0
1804,1915026.0,0.0,0.0,229803.0
1807,16895640.0,0.0,0.0,3041220.0
1819,32655600.0,0.0,0.0,6204564.0
1828,55737588.0,0.0,0.0,10032744.0
1831,30178581.0,0.0,0.0,5432145.0
1868,49519057.0,96300.0,0.0,8913430.0
1870,25471701.0,0.0,0.0,4584906.0
1885,20692692.0,0.0,0.0,3724680.0
1886,66698935.0,0.0,0.0,12005815.0
1891,99392495.0,69918.0,0.0,17678112.0
1912,10575888.0,0.0,0.0,1903660.0
1921,30371250.0,303713.0,0.0,0.0
1923,429562764.0,0.0,0.0,77321292.0
1937,91173142.0,7538.0,0.0,14224212.0
1953,11976531.0,0.0,0.0,2155776.0
1954,556050638.0,0.0,0.0,99424273.0
1975,1839653731.0,1379834.0,0.0,254322505.0
1983,24347304.0,0.0,0.0,4382424.0
2014,25415508.0,0.0,0.0,4574796.0
2024,232981800.0,0.0,0.0,37732374.0
2039,8702424.0,0.0,0.0,1566432.0
2043,1090133636.0,0.0,0.0,196224054.0
2063,68434648.0,56213.0,0.0,12328354.0
2081,100750.0,0.0,0.0,18135.0
2086,75338300.0,160058.0,0.0,13589704.0
2111,750773436.0,2593400.0,0.0,134073120.0
2137,8535342998.0,334275.0,0.0,1327317861.0
2140,4450620.0,0.0,0.0,534074.0
2143,52545493.0,0.0,0.0,6379691.0
2149,19663655.0,0.0,0.0,2776601.0
2151,24114679.0,0.0,0.0,0.0
2155,130138132.0,0.0,0.0,17594536.0
2156,547404075.0,0.0,0.0,98532732.0
2173,1102817361.0,87910.0,0.0,179660785.0
2189,775756448.0,2503611.0,0.0,142317608.0
2215,1426783712.0,409339.0,0.0,229267597.0
2224,63223590.0,0.0,0.0,11380250.0
2227,257364926.0,404.0,0.0,34736418.0
2230,1830284323.0,2607858.0,0.0,303399623.0
2233,4739956.0,0.0,0.0,853192.0
2257,2691018332.0,5394723.0,0.0,453035915.0
2260,62793.0,0.0,0.0,11303.0
2288,349142730.0,0.0,0.0,62845692.0
2305,16966425.0,0.0,0.0,3053953.0
2316,152558748.0,0.0,0.0,27460572.0
2318,2495067736.0,0.0,0.0,149704068.0
2319,22167072.0,0.0,0.0,3990072.0
2350,187942198.0,66963.0,0.0,32224779.0
2351,3440771.0,0.0,0.0,619339.0
2366,62867387.0,0.0,0.0,11316123.0
2370,36081318.0,0.0,0.0,6494634.0
2404,435168366.0,0.0,0.0,78330267.0
2413,47060384.0,46612.0,0.0,6987335.0
2434,223947969.0,0.0,0.0,40310612.0
2441,13034174.0,0.0,0.0,2346150.0
2451,698529357.0,0.0,0.0,125735289.0
2459,43699584.0,0.0,0.0,7865922.0
2466,200291774.0,0.0,0.0,36052521.0
2482,31943161.0,0.0,0.0,5749762.0
2483,24202467.0,0.0,0.0,4356444.0
2489,855988957.0,6074550.0,0.0,154806761.0
2492,7035877.0,0.0,0.0,1254614.0
2509,368000.0,0.0,0.0,66240.0
2524,189453096.0,0.0,0.0,34101528.0
2529,214286.0,0.0,0.0,38571.0
2531,23427768.0,0.0,0.0,4217004.0
2532,169601008.0,0.0,0.0,30528185.0
2535,16866000.0,0.0,0.0,3035880.0
2551,15948071.0,0.0,0.0,2566963.0
2562,355643503.0,3399782.0,0.0,63952000.0
2568,10708884.0,0.0,0.0,1927596.0
2588,403950788.0,23496.0,0.0,68402561.0
2608,208924262.0,0.0,0.0,30833897.0
2618,11116309.0,72500.0,0.0,2006559.0
2620,56015239.0,0.0,0.0,9882245.0
2622,27635472.0,0.0,0.0,4974384.0
2636,45119720.0,0.0,0.0,8121545.0
2651,36805875.0,0.0,0.0,6624967.0
2684,266741774.0,1530742.0,0.0,41033650.0
2686,37929200.0,0.0,0.0,2275752.0
2737,64165712.0,0.0,0.0,11549808.0
2744,84000000.0,0.0,0.0,10080000.0
2749,805598339.0,392647.0,0.0,122890718.0
2817,690001.0,0.0,0.0,124200.0
2829,8652808763.0,0.0,0.0,1467828368.0
2844,100356288.0,0.0,0.0,18064116.0
2850,710249354.0,0.0,0.0,127844891.0
2858,31436448.0,0.0,0.0,5658552.0
2891,85686224.0,0.0,0.0,15423519.0
2902,6900777.0,0.0,0.0,1242141.0
2912,89161929.0,64416.0,0.0,11995873.0
2917,12730255.0,0.0,0.0,2291446.0
2943,25911756.0,0.0,0.0,4664112.0
2947,1541424936.0,0.0,0.0,94071742.0
2959,2800000.0,0.0,0.0,504000.0
2969,132821441.0,0.0,0.0,17138978.0
2993,22246200.0,0.0,0.0,4004316.0
2998,2400000.0,0.0,0.0,288000.0
3001,9513354.0,56880.0,0.0,1288121.0
3011,30425652.0,0.0,0.0,5476620.0
3016,402703599.0,0.0,0.0,72486639.0
3032,4383041153.0,2274111.0,61752.0,717272243.0
3036,11044680.0,0.0,0.0,1988040.0
3042,85215435.0,232953.0,0.0,18864381.0
3057,331826031.0,95604.0,0.0,55099678.0
3067,54293565.0,0.0,0.0,9772839.0
3090,110463916.0,0.0,0.0,19048463.0
3101,22915800.0,0.0,0.0,4124844.0
3103,72531021.0,304484.0,0.0,923180268.0
3104,1532936543.0,43850.0,0.0,275820648.0
3118,223790927.0,0.0,0.0,40282365.0
3123,5258069.0,0.0,0.0,813292.0
3132,19576404.0,31794.0,0.0,3110652.0
3148,983927950.0,0.0,0.0,177107008.0
3151,25496904.0,0.0,0.0,4589436.0
3154,8051448.0,0.0,0.0,1449255.0
3166,196800717.0,831944.0,0.0,34519509.0
3174,58369800.0,0.0,0.0,9252864.0
3179,2880000.0,28800.0,0.0,523584.0
3181,8320980.0,0.0,0.0,1497780.0
3190,209904482.0,0.0,0.0,12594269.0
3191,542750.0,0.0,0.0,82395.0
3194,57199620.0,0.0,0.0,10295928.0
3201,803941.0,0.0,0.0,144709.0
3203,47310888.0,31353.0,0.0,7264953.0
3211,2114305013.0,5322597.0,0.0,346587247.0
3226,21408504.0,0.0,0.0,0.0
3234,1948685603.0,0.0,0.0,246094243.0
3249,26727138.0,0.0,0.0,4810884.0
3250,49268194.0,0.0,0.0,8868271.0
3251,288775455.0,72479.0,0.0,51940671.0
3255,140965436.0,478865.0,0.0,19574308.0
3277,45623386.0,0.0,0.0,8212210.0
3292,36014869.0,0.0,0.0,6482677.0
3299,388409250.0,4210854.0,0.0,65415851.0
3306,591211276.0,0.0,0.0,106418027.0
3338,15195168.0,0.0,0.0,2735136.0
3350,1286782796.0,756773.0,0.0,202452100.0
3360,49413808.0,147026.0,0.0,8882312.0
3402,2102206972.0,0.0,0.0,361473669.0
3403,110347040.0,0.0,0.0,6620822.0
3404,830156237.0,8203368.0,0.0,150315567.0
3416,85634016.0,0.0,0.0,0.0
3418,57066540.0,0.0,0.0,10271976.0
3421,40750729.0,0.0,0.0,6593728.0
3423,32781456.0,0.0,0.0,5900652.0
3435,69761064.0,0.0,0.0,12556992.0
3440,26751222.0,0.0,0.0,4815216.0
3441,98756860.0,0.0,0.0,17742074.0
3447,581628466.0,444336.0,0.0,105809473.0
3449,15634128.0,0.0,0.0,2814135.0
3457,29732299.0,31818.0,0.0,5348434.0
3461,14853277396.0,14507502.0,0.0,1014447111.0
3471,7068360.0,0.0,0.0,1272300.0
3480,21673506.0,0.0,0.0,3901230.0
3490,2744383561.0,2964244.0,0.0,229255122.0
3495,13800853695.0,802560453.0,0.0,2629099053.0
3496,490000.0,0.0,0.0,58800.0
3532,20486748.0,0.0,0.0,3687612.0
3545,547612387.0,356835.0,0.0,97853674.0
3548,13672740.0,0.0,0.0,2461092.0
3549,340705706.0,0.0,0.0,60724927.0
3551,88197185.0,0.0,0.0,15875493.0
3556,5293746.0,0.0,0.0,952875.0
3564,2273529238.0,53836.0,0.0,277873375.0
3598,232587842.0,68540.0,0.0,37154698.0
3625,25174332.0,0.0,0.0,4531380.0
3627,162869308.0,0.0,0.0,27250372.0
3630,10665928814.0,37073443.0,0.0,1903837336.0
3632,26727138.0,0.0,0.0,4810884.0
3638,21127140.0,0.0,0.0,3802680.0
3639,522606391.0,0.0,0.0,94069154.0
3640,67136388.0,0.0,0.0,12416871.0
3652,21796520.0,115089.0,0.0,2675679.0
3676,2062602536.0,0.0,0.0,370170064.0
3681,452376099.0,0.0,0.0,81427695.0
3684,275456160.0,0.0,0.0,49582104.0
3716,627989050.0,0.0,0.0,108483877.0
3726,66373932.0,0.0,0.0,11947300.0
3742,43619390.0,0.0,0.0,2617163.0
3765,71719461.0,41655.0,0.0,10821753.0
3776,92221112.0,0.0,0.0,16599798.0
3777,20138160.0,0.0,0.0,3624864.0
3809,264228985.0,0.0,0.0,47561217.0
3850,351952716.0,0.0,0.0,63351460.0
3863,9767588.0,0.0,0.0,1758165.0
3867,16518000.0,0.0,0.0,2973240.0
3884,50055588.0,0.0,0.0,9009792.0
3900,17010000.0,0.0,0.0,3061800.0
3905,13009196.0,0.0,0.0,2341659.0
3906,1091684214.0,3440516.0,0.0,197122418.0
3916,33755938.0,0.0,0.0,6076068.0
3920,162569354.0,0.0,0.0,29262483.0
3962,5877794277.0,1108701.0,0.0,1055354798.0
3965,29758168.0,0.0,0.0,5356461.0
3969,764102723.0,38402.0,0.0,115416943.0
3979,2242000.0,0.0,0.0,403560.0
3985,12810300.0,0.0,0.0,2305848.0
3997,77661924.0,0.0,0.0,13979136.0
4000,98982576.0,0.0,0.0,17816868.0
4011,16352280.0,0.0,0.0,2943408.0
4016,18442956.0,0.0,0.0,3319728.0
4021,1640471314.0,44982.0,0.0,255416988.0
4023,409230549.0,0.0,0.0,73661496.0
4027,6586353.0,0.0,0.0,175285.0
4060,35359632.0,0.0,0.0,0.0
4061,181522389.0,0.0,0.0,32673996.0
4065,344390518.0,2429.0,0.0,54371364.0
4074,5491401619.0,0.0,0.0,988448441.0
4087,34139952.0,0.0,0.0,6145188.0
4088,195169434.0,0.0,0.0,21105130.0
4107,179454058.0,89722.0,0.0,31164510.0
4119,20257344.0,0.0,0.0,3646320.0
4121,45402922.0,0.0,0.0,8172522.0
4123,8452026.0,0.0,0.0,1521365.0
4135,51133486.0,13424.0,0.0,7156697.0
4140,46712347.0,0.0,0.0,8408222.0
4156,1328678.0,13287.0,0.0,161036.0
4167,9969940.0,0.0,0.0,1794590.0
4176,259333013.0,470514.0,0.0,44233214.0
4178,8991271.0,0.0,0.0,1618429.0
4184,79389454.0,0.0,0.0,9526731.0
4198,312054864.0,0.0,0.0,56169882.0
4207,3720500000.0,0.0,0.0,669690000.0
4212,34914054.0,67708.0,0.0,6293238.0
4226,18048312.0,0.0,0.0,3429180.0
4238,174430638.0,7145.0,0.0,29478778.0
4265,12572374.0,0.0,0.0,2263018.0
4287,1400095396.0,0.0,0.0,252062530.0
4289,499157703.0,0.0,0.0,89847399.0
4309,81365000.0,0.0,0.0,14645700.0
4315,107605799.0,0.0,0.0,19369037.0
4324,19183255077.0,93996.0,0.0,2874729628.0
4326,10125888.0,0.0,0.0,1822660.0
4346,299707992.0,0.0,0.0,53947432.0
4351,22515996.0,0.0,0.0,4052879.0
4369,122434044.0,0.0,0.0,22038119.0
4377,9000000.0,0.0,0.0,1080000.0
4386,130299710.0,142886.0,0.0,23421133.0
4392,11940000.0,0.0,0.0,2041200.0
4400,40992000.0,0.0,0.0,2459520.0
4401,27375912.0,0.0,0.0,4927662.0
4403,556672381.0,2637875.0,0.0,37729417.0
4404,3028900.0,0.0,0.0,545202.0
4409,8476968.0,0.0,0.0,1610616.0
4419,172760.0,0.0,0.0,31095.0
4420,27500000.0,0.0,0.0,0.0
4427,28279188.0,0.0,0.0,5090256.0
4434,1235171265.0,42527.0,0.0,222330822.0
4436,33170478.0,0.0,0.0,5970687.0
4447,1893932836.0,0.0,0.0,111713970.0
4473,10262082.0,0.0,0.0,1847175.0
4476,23819603.0,0.0,0.0,4287527.0
4480,1477105.0,0.0,0.0,88626.0
4482,1577644.0,0.0,0.0,283976.0
4490,6453732.0,0.0,0.0,1161669.0
4494,48260478.0,0.0,0.0,8686818.0
4504,11203045.0,0.0,0.0,2016546.0
4518,25121440.0,0.0,0.0,4521850.0
4520,114044712.0,0.0,0.0,20527992.0
4533,38807840.0,4950.0,0.0,6986294.0
4549,30845993.0,0.0,0.0,4942801.0
4551,2251344408.0,0.0,0.0,405241976.0
4557,10884460.0,0.0,0.0,1937844.0
4563,24589232622.0,7869000.0,0.0,4425186795.0
4564,188664676.0,0.0,0.0,33959636.0
4567,458821002.0,0.0,0.0,60896772.0
4582,2462609916.0,1404182.0,0.0,155100037.0
4596,862854274.0,0.0,0.0,96121341.0
4598,1164374905.0,0.0,0.0,209587299.0
4604,2230063958.0,3371066.0,16335.0,402021220.0
4625,181900920.0,0.0,0.0,32742156.0
4641,16659080957.0,48587.0,0.0,2984311751.0
4642,11805732.0,0.0,0.0,2125032.0
4643,8691432.0,0.0,0.0,1564458.0
4646,1104718333.0,9337825.0,0.0,193218880.0
4651,39780400.0,0.0,0.0,6380472.0
4653,12911503.0,0.0,0.0,2324071.0
4656,396762.0,0.0,0.0,71417.0
4662,3290985876.0,197358989.0,0.0,627872674.0
4667,29890740.0,0.0,0.0,5380332.0
4690,624927251.0,641293.0,18000.0,111161782.0
4713,35511914.0,0.0,0.0,6392130.0
4727,2202348807.0,0.0,0.0,135714693.0
4736,3967008.0,0.0,0.0,530848.0
4737,138024447.0,0.0,0.0,24844397.0
4746,7200000.0,0.0,0.0,864000.0
4749,50000000.0,0.0,0.0,6000000.0
4759,32322564.0,0.0,0.0,6060480.0
4773,539872311.0,0.0,0.0,97177018.0
4779,34755972.0,0.0,0.0,6256080.0
4783,80403238.0,0.0,0.0,14472577.0
4796,251063896.0,0.0,0.0,45191500.0
4799,90575074.0,0.0,0.0,16303504.0
4806,56710605.0,0.0,0.0,10207890.0
4817,472484294.0,4000344.0,1190.0,85655746.0
4821,61960926.0,0.0,0.0,11152971.0
4822,6773496.0,1096.0,0.0,1208716.0
4836,2726600.0,0.0,0.0,490788.0
4839,25289676.0,0.0,0.0,4552140.0
4849,67964777.0,0.0,0.0,4077887.0
4851,14526096.0,0.0,0.0,2614692.0
4859,142000.0,0.0,0.0,25560.0
4869,100679443.0,0.0,0.0,18122299.0
4879,360364572.0,0.0,0.0,60527615.0
4880,693415.0,0.0,0.0,124815.0
4894,41240124.0,0.0,0.0,7423224.0
4898,1157854403.0,1130587.0,0.0,83688562.0
4905,14781180.0,0.0,0.0,2660616.0
4919,15459852.0,0.0,0.0,2782776.0
4921,102264396.0,0.0,0.0,18407592.0
4925,10708884.0,0.0,0.0,1927596.0
4927,4667073244.0,1467610.0,0.0,822434684.0
4928,1431430.0,0.0,0.0,257658.0
4944,77610240.0,0.0,0.0,13969836.0
4946,9975198.0,0.0,0.0,1795536.0
4960,3219143350.0,26916677.0,0.0,576599043.0
4977,85280132.0,94272.0,0.0,11991835.0
4979,187410964.0,0.0,0.0,33733960.0
4984,7861800.0,0.0,0.0,1415124.0
4992,447354330.0,0.0,0.0,80523760.0
5004,21179472.0,0.0,0.0,3812304.0
5015,56546751.0,0.0,0.0,10178406.0
5019,12520408.0,0.0,0.0,2253673.0
5021,4203096.0,0.0,0.0,756556.0
5026,2753400.0,0.0,0.0,330408.0
5057,1022227191.0,4768.0,0.0,143050357.0
5058,7093419340.0,13124950.0,0.0,1160983837.0
5066,10921608.0,0.0,0.0,1965888.0
5078,310818437.0,102904.0,0.0,51039600.0
5093,39026172.0,0.0,0.0,7024716.0
5095,490797468.0,0.0,0.0,88343507.0
5104,45105300.0,0.0,0.0,8118951.0
5121,332537.0,0.0,0.0,58096.0
5144,6441928.0,0.0,0.0,1159547.0
5168,7999722982.0,2084857.0,0.0,537786644.0
5174,501140820.0,7812.0,0.0,50161211.0
5187,31997576.0,0.0,0.0,5759564.0
5194,4700000.0,0.0,0.0,744000.0
5223,7782906.0,0.0,0.0,1400922.0
5230,6583314.0,0.0,0.0,1184994.0
5232,727035553.0,0.0,0.0,130866399.0
5276,4675962.0,0.0,0.0,888432.0
5277,13399751885.0,255167.0,0.0,1914739769.0
5280,16261284.0,0.0,0.0,2927028.0
5286,317583384.0,117749.0,0.0,47773463.0
5288,4081933.0,2719.0,0.0,714837.0
5306,25456325.0,0.0,0.0,3318171.0
5333,778950520.0,0.0,0.0,93474061.0
5334,32322564.0,0.0,0.0,5818056.0
5347,99816410.0,0.0,0.0,17966955.0
5350,11514053.0,0.0,0.0,1436867.0
5361,2809000.0,28090.0,0.0,510677.0
5364,29352135.0,0.0,0.0,5256384.0
5370,28109292.0,0.0,0.0,5059672.0
5379,18047622080.0,15400.0,0.0,3236593411.0
5392,20176680.0,0.0,0.0,3631800.0
5408,59898934.0,0.0,0.0,7292870.0
5415,64526316.0,0.0,0.0,11614740.0
5452,23345091.0,0.0,0.0,4202115.0
5467,397843226.0,0.0,0.0,71611789.0
5468,4446330807.0,7170488.0,0.0,794394205.0
5478,9590707.0,0.0,0.0,1150885.0
5481,44115060.0,0.0,0.0,7940709.0
5486,270742350.0,0.0,0.0,48733620.0
5489,5577500.0,0.0,0.0,917910.0
5494,10159250.0,0.0,0.0,1930260.0
5501,20915280.0,0.0,0.0,3764748.0
5516,5589576.0,0.0,0.0,1006124.0
5517,73213838.0,0.0,0.0,8636660.0
5540,21056017.0,0.0,0.0,2885701.0
5557,1162467911.0,0.0,0.0,143994765.0
5560,2484489.0,0.0,0.0,447208.0
5583,20959044.0,0.0,0.0,0.0
5584,524843400.0,0.0,0.0,60896772.0
5607,13680000.0,136800.0,0.0,2487024.0
5613,514525861.0,95004.0,0.0,72445903.0
5619,29408055.0,0.0,0.0,5293452.0
5620,1890249818.0,128786.0,0.0,333351790.0
5633,33953238.0,0.0,0.0,6146143.0
5650,140410737.0,0.0,0.0,23056179.0
5668,39706217.0,0.0,0.0,7147117.0
5691,9318245.0,0.0,0.0,1139366.0
5724,205985786.0,0.0,0.0,37077372.0
5727,78608986.0,0.0,0.0,14149625.0
5731,279329463.0,0.0,0.0,50279306.0
5734,833000.0,0.0,0.0,158270.0
5735,15448135.0,0.0,0.0,2446095.0
5746,22030700.0,0.0,0.0,3965526.0
5752,22448664.0,0.0,0.0,4040760.0
5758,1434288.0,0.0,0.0,258171.0
5760,491844099.0,0.0,0.0,88531938.0
5769,106233804.0,0.0,0.0,19122084.0
5770,244547975282.0,2438877355.0,0.0,44219978301.0
5774,2333320.0,0.0,0.0,419996.0
5779,20692692.0,0.0,0.0,3724680.0
5785,486153319.0,35151.0,0.0,77573441.0
5786,32359123.0,0.0,0.0,5822300.0
5788,155123797.0,0.0,0.0,25110791.0
5804,42735342.0,0.0,0.0,7692362.0
5817,6690111104.0,13608298.0,0.0,1165800051.0
5825,47313778.0,0.0,0.0,8516478.0
5896,24674280.0,0.0,0.0,4441368.0
5898,126510.0,0.0,0.0,22768.0
5906,69028648.0,0.0,0.0,12425152.0
5928,44083932.0,0.0,0.0,7935113.0
5942,23393124.0,0.0,0.0,4210749.0
5944,703010008.0,859400.0,0.0,56233290.0
5946,96654204.0,0.0,0.0,17397756.0
5969,104151330.0,0.0,0.0,18747243.0
5972,11775950.0,0.0,0.0,1607586.0
5975,40358031.0,0.0,0.0,7264446.0
5992,745100294.0,773708.0,0.0,134257315.0
6021,16364397.0,0.0,0.0,2945592.0
6036,151968336.0,0.0,0.0,27354300.0
6053,6325610.0,0.0,0.0,1138610.0
6067,35526758.0,0.0,0.0,6394816.0
6068,13306000.0,0.0,0.0,1596720.0
6071,274337632.0,0.0,0.0,0.0
6083,28030373.0,3712.0,0.0,3822787.0
6086,43741965.0,0.0,0.0,7873551.0
6103,14422914.0,0.0,0.0,2584500.0
6114,140473366.0,0.0,0.0,26066156.0
6122,8363611.0,0.0,0.0,1499130.0
6123,5660800.0,0.0,0.0,339648.0
6129,30084750.0,0.0,0.0,3610170.0
6137,63882302.0,0.0,0.0,11498807.0
6149,2957294743.0,328349.0,8296654.0,517475118.0
6159,2324541164.0,1154550.0,0.0,324963299.0
6181,57227390.0,0.0,0.0,6700154.0
6202,11159280.0,0.0,0.0,2008670.0
6205,589444796.0,0.0,0.0,106100064.0
6216,43739487.0,0.0,0.0,7873099.0
6222,23510115.0,0.0,0.0,4231820.0
6227,37453320.0,0.0,0.0,6741598.0
6229,100821484.0,0.0,0.0,10512324.0
6230,4395690.0,0.0,0.0,791220.0
6234,6541375.0,0.0,0.0,1177448.0
6243,12692046.0,0.0,0.0,2284566.0
6247,1320670202.0,13140720.0,0.0,240085965.0
6257,5282347.0,0.0,0.0,316940.0
6265,41046728.0,18938.0,0.0,7391802.0
6284,491821881.0,23538.0,0.0,87257616.0
6287,270000.0,0.0,0.0,270000.0
6296,97827606.0,0.0,0.0,17608968.0
6299,840248778.0,161550.0,0.0,151273858.0
6312,50425835.0,0.0,0.0,9076633.0
6314,4329969409.0,185352.0,0.0,628074305.0
6339,2416467.0,0.0,0.0,434964.0
6343,20215284.0,0.0,0.0,3638736.0
6357,82645790.0,0.0,0.0,6432923.0
6376,23447124.0,0.0,0.0,4220475.0
6378,6610254.0,0.0,0.0,0.0
6379,10295253.0,0.0,0.0,1853145.0
6381,8578590589.0,0.0,0.0,1544146306.0
6394,284782348.0,0.0,0.0,51249201.0
6410,28591068.0,0.0,0.0,0.0
6411,152627030.0,1422998.0,0.0,27674196.0
6450,1200000.0,0.0,0.0,144000.0
6472,18945444.0,0.0,0.0,3410175.0
6476,211191162.0,1992269.0,0.0,38311509.0
6482,2940000.0,0.0,0.0,0.0
6483,17585343.0,0.0,0.0,3165354.0
6485,33050160.0,0.0,0.0,5949024.0
6486,9424000.0,4500.0,0.0,1697130.0
6487,32284.0,0.0,0.0,5812.0
6507,479586168.0,0.0,0.0,57550339.0
6524,115303461.0,0.0,0.0,20754625.0
6526,359757.0,0.0,0.0,64756.0
6527,128810948.0,0.0,0.0,23185970.0
6530,9901602.0,0.0,0.0,1782288.0
6535,769559185.0,0.0,0.0,138520616.0
6537,1137951360.0,0.0,0.0,77042633.0
6541,110235162.0,0.0,0.0,19842331.0
6558,8305512.0,0.0,0.0,1494996.0
6562,68063958.0,0.0,0.0,12251448.0
6565,101222940.0,0.0,0.0,18219996.0
6573,170672826.0,0.0,0.0,30721082.0
6574,13187220.0,0.0,0.0,2373702.0
6586,180218756.0,910762.0,0.0,32610038.0
6593,26584176.0,0.0,0.0,0.0
6599,51421004.0,61400.0,0.0,7301020.0
6607,493781353.0,0.0,0.0,88880641.0
6611,81252572.0,0.0,0.0,14625463.0
6620,102000000.0,1020000.0,0.0,18543600.0
6625,35293668.0,0.0,0.0,6352860.0
6641,50664335.0,0.0,0.0,9116697.0
6659,24064416.0,0.0,0.0,4331592.0
6663,886835208.0,0.0,0.0,53210115.0
6666,11878572.0,0.0,0.0,1538055.0
6680,197246473.0,125429.0,0.0,30140194.0
6716,54125542.0,0.0,0.0,6506562.0
6730,9128347557.0,4164546.0,0.0,1643852178.0
6731,35068308.0,0.0,0.0,6312300.0
6744,28353032.0,0.0,0.0,5103544.0
6755,70637136.0,0.0,0.0,12714684.0
6764,167742114.0,181085.0,0.0,29733105.0
6805,669730488.0,2722770.0,0.0,108226879.0
6810,28133953.0,244020.0,0.0,5064112.0
6834,7126633897.0,545445.0,0.0,953160978.0
6837,4827864.0,0.0,0.0,869016.0
6859,250684824.0,32692.0,0.0,44396192.0
6879,25703496.0,0.0,0.0,4626624.0
6896,76452308.0,0.0,0.0,13761419.0
6901,50000.0,0.0,0.0,9000.0
6904,588250000.0,0.0,0.0,105885000.0
6912,198896316.0,0.0,0.0,35801280.0
6917,674783061.0,0.0,0.0,121460430.0
6923,434207621.0,0.0,0.0,76076140.0
6929,439578408.0,0.0,0.0,79124112.0
6940,588527213.0,5958.0,0.0,97713013.0
6946,78895948.0,5716.0,0.0,10982484.0
6955,1433529041.0,789086.0,0.0,219434021.0
6964,289713423.0,0.0,0.0,44852509.0
6968,50221027.0,0.0,0.0,9039784.0
6973,627387675.0,0.0,0.0,117612366.0
6976,223361208.0,0.0,0.0,13401672.0
6982,5303643772.0,0.0,0.0,683081263.0
6993,224493907.0,223350.0,0.0,39171452.0
7000,955875220.0,43200.0,0.0,116217159.0
7003,17038204.0,0.0,0.0,3066881.0
7008,507280.0,0.0,0.0,91310.0
7014,19061484.0,0.0,0.0,3431064.0
7030,25799868.0,0.0,0.0,4643976.0
7044,264428000.0,0.0,0.0,47597040.0
7046,14103250442.0,875523.0,0.0,2529781952.0
7049,458604328.0,2680.0,0.0,80364037.0
7055,97117062.0,810826.0,0.0,2710457.0
7077,122908933.0,0.0,0.0,22123612.0
7084,64280637.0,0.0,0.0,11570516.0
7088,26729040.0,0.0,0.0,4811232.0
7098,590674828.0,0.0,0.0,106321469.0
7101,39868211.0,0.0,0.0,2392094.0
7109,19425288.0,0.0,0.0,3496552.0
7124,1036321880.0,0.0,0.0,186537888.0
7128,91576239.0,0.0,0.0,16483723.0
7129,28403212.0,0.0,0.0,5112578.0
7142,214273261.0,0.0,0.0,33628187.0
7145,10921608.0,0.0,0.0,1965888.0
7146,30671016.0,0.0,0.0,5520780.0
7147,27123192.0,0.0,0.0,4882169.0
7161,64028820.0,0.0,0.0,11525184.0
7163,1628453532.0,5273616.0,0.0,275672027.0
7183,84071700.0,0.0,0.0,15132900.0
7185,46690182.0,0.0,0.0,8404230.0
7195,19629528.0,0.0,0.0,3533316.0
7198,457550147.0,0.0,0.0,27453008.0
7215,32037282452.0,12195751.0,0.0,5661050159.0
7226,934864069.0,1910068.0,0.0,166359092.0
7227,22471212.0,0.0,0.0,4044816.0
7240,145020000.0,0.0,0.0,26103600.0
7242,3289500.0,0.0,0.0,592110.0
7247,545993482.0,0.0,0.0,98278790.0
7264,18493836.0,0.0,0.0,3328896.0
7268,20120310.0,0.0,0.0,3621654.0
7304,6118666766.0,59005.0,31148.0,34680431.0
7323,92635836.0,0.0,0.0,17460906.0
7339,700000.0,0.0,0.0,84000.0
7341,212844156.0,0.0,0.0,26886438.0
7358,111195750.0,30328.0,0.0,13256540.0
7362,1919943236.0,106608.0,4469880.0,337261377.0
7363,2075944.0,0.0,0.0,373670.0
7365,81842362.0,26226.0,0.0,10195599.0
7385,29229780.0,0.0,0.0,5261364.0
7389,96585254.0,0.0,0.0,16867022.0
7404,9373779.0,0.0,0.0,1687281.0
7406,273991023.0,0.0,0.0,16454514.0
7407,409057209.0,0.0,0.0,72429762.0
7423,11776558.0,0.0,0.0,2119780.0
7429,1233810005.0,7080151.0,0.0,214208404.0
7454,15674724.0,0.0,0.0,2978199.0
7463,155515000.0,1551580.0,0.0,28207724.0
7485,78470726.0,168066.0,4406.0,12838126.0
7511,2865367.0,0.0,0.0,356205.0
7521,8529238.0,0.0,0.0,1535264.0
7538,459045554.0,0.0,0.0,70557842.0
7556,54243009.0,0.0,0.0,9763740.0
7583,1868922048.0,304063.0,161663.0,297850840.0
7587,762976369.0,2125401.0,0.0,120583153.0
7596,20767195768.0,4947603.0,1000.0,3311005009.0
7603,48190492.0,0.0,0.0,6481290.0
7608,30180465.0,0.0,0.0,5432481.0
7626,186400.0,0.0,0.0,11184.0
7629,3023800.0,0.0,0.0,362856.0
7637,439561014.0,0.0,0.0,79120949.0
7647,12292647.0,0.0,0.0,2212677.0
7650,7068360.0,0.0,0.0,1272300.0
7651,12436128.0,0.0,0.0,2238504.0
7666,192365000.0,0.0,0.0,36549350.0
7667,316981133.0,0.0,0.0,38037736.0
7670,116560961.0,553486.0,0.0,19481036.0
7681,13300000.0,0.0,0.0,2394000.0
7687,24691428.0,0.0,0.0,4444452.0
7699,21327509.0,0.0,0.0,3029252.0
7704,26264285.0,0.0,0.0,4684478.0
7707,1737251911.0,0.0,0.0,312705226.0
7711,116256971.0,0.0,0.0,19595937.0
7740,17092882.0,0.0,0.0,3076722.0
7752,2365333840.0,0.0,0.0,216908203.0
7757,35049192.0,0.0,0.0,0.0
7763,2197413609.0,0.0,0.0,395534033.0
7769,48887534.0,0.0,0.0,8799757.0
7771,233909339.0,1301860.0,0.0,37761575.0
7781,36261092.0,0.0,0.0,6526997.0
7808,308414354.0,0.0,0.0,30589269.0
7811,114066612.0,0.0,0.0,17510544.0
7836,1478711770.0,0.0,0.0,226427232.0
7839,3085827.0,0.0,0.0,534209.0
7874,63630048.0,0.0,0.0,11453423.0
7886,1594600.0,0.0,0.0,287028.0
7895,15092089.0,11738.0,0.0,2039701.0
7901,59788419.0,0.0,0.0,10761912.0
7907,3597901.0,0.0,0.0,431747.0
7911,12151656.0,0.0,0.0,0.0
7919,6919095000.0,0.0,0.0,1245437100.0
7925,104681602.0,0.0,0.0,6280896.0
7932,13290469.0,700.0,0.0,2120440.0
7948,16249284.0,0.0,0.0,2892278.0
7949,1652039423.0,0.0,0.0,297366678.0
7956,84622264.0,0.0,0.0,15232007.0
7957,1840374862.0,216806.0,0.0,31231303.0
7960,171625052.0,529759.0,0.0,28560285.0
7977,64688125.0,646881.0,0.0,11760302.0
7982,517963896.0,0.0,0.0,89321501.0
7985,56362744.0,0.0,0.0,10145285.0
7988,1042110997.0,51455.0,0.0,179171998.0
8026,683613.0,0.0,0.0,120170.0
8091,22272615.0,0.0,0.0,4009070.0
8105,167366018.0,0.0,0.0,25749048.0
8117,2568400.0,0.0,0.0,462312.0
8118,4807909867.0,701452.0,0.0,856776478.0
8124,2683013950.0,7048612.0,0.0,484211301.0
8134,374300644.0,0.0,0.0,67374100.0
8145,439578408.0,0.0,0.0,79124112.0
8148,148335000.0,0.0,0.0,26700300.0
8166,573600.0,0.0,0.0,103248.0
8180,15348503.0,0.0,0.0,2762730.0
8183,20486748.0,0.0,0.0,3687612.0
8201,134129706.0,0.0,0.0,24143346.0
8202,398101823.0,602016.0,0.0,71689389.0
8211,64785000.0,0.0,0.0,11661300.0
8214,351736699.0,94530.0,0.0,66364599.0
8242,18886284.0,0.0,0.0,3399528.0
8251,924383774.0,44925.0,0.0,162796983.0
8252,25660524.0,0.0,0.0,4618896.0
8256,54351744.0,0.0,0.0,9783312.0
8259,10385202.0,0.0,0.0,1869336.0
8268,69504043935.0,7706817.0,0.0,12479279034.0
8272,329325583.0,106418.0,0.0,55584120.0
8273,1110052211.0,7328825.0,0.0,188755019.0
8280,67845640.0,0.0,0.0,12212210.0
8283,40000505.0,0.0,0.0,7200090.0
8290,17818092.0,0.0,0.0,3207256.0
8291,71280675.0,0.0,0.0,12830521.0
8296,63186051.0,416017.0,0.0,8175392.0
8321,32000000.0,0.0,0.0,3840000.0
8323,24691428.0,0.0,0.0,4444452.0
8328,2926717086.0,80623.0,0.0,469723829.0
8332,109327832.0,574310.0,0.0,8666136.0
8349,188077929.0,0.0,0.0,11284676.0
8351,80132352.0,0.0,0.0,14423816.0
8353,57227736.0,0.0,0.0,10300990.0
8373,245531787.0,0.0,0.0,43193615.0
8423,38727264.0,0.0,0.0,6970905.0
8442,874409.0,0.0,0.0,52465.0
8455,64710602.0,0.0,0.0,10739866.0
8457,84885540.0,0.0,0.0,0.0
8469,505270713.0,0.0,0.0,90948729.0
8476,16597516.0,72539.0,0.0,2443177.0
8493,156663705.0,0.0,0.0,28199396.0
8506,22471212.0,0.0,0.0,4044816.0
8513,53449182.0,0.0,0.0,4953432.0
8517,392851522.0,0.0,0.0,70713272.0
8525,42434496.0,0.0,0.0,7638210.0
8552,41388181.0,0.0,0.0,7449874.0
8556,20992667.0,0.0,0.0,3686126.0
8573,35560111.0,0.0,0.0,6400819.0
8588,22357078.0,0.0,0.0,3915974.0
8592,74419958584.0,0.0,0.0,12437401516.0
8599,22716768.0,0.0,0.0,4089024.0
8607,7390590.0,0.0,0.0,1330308.0
8613,8492550.0,0.0,0.0,1528660.0
8617,176270822.0,8100.0,0.0,22631305.0
8620,135828948.0,0.0,0.0,24449208.0
8626,1054100.0,0.0,0.0,151560.0
8629,2982592994.0,0.0,0.0,536866560.0
8658,778583579.0,0.0,0.0,140145019.0
8663,650908634.0,2057000.0,0.0,117533814.0
8693,28513610.0,0.0,0.0,5132450.0
8698,21753324.0,0.0,0.0,3915588.0
8701,339089514.0,38605.0,0.0,46452019.0
8702,18864656.0,0.0,0.0,3395638.0
8717,1154342837.0,0.0,0.0,138521140.0
8721,4020354.0,0.0,0.0,723666.0
8726,179442951.0,0.0,0.0,31017531.0
8735,61663252.0,0.0,0.0,10282306.0
8740,44582912.0,0.0,0.0,8024920.0
8747,310184.0,0.0,0.0,40055.0
8772,539069.0,0.0,0.0,79033.0
8774,20368668.0,0.0,0.0,3666360.0
8815,630445417.0,439450.0,0.0,113559276.0
8816,587894.0,0.0,0.0,70547.0
8828,103627180.0,0.0,0.0,6217631.0
8838,19061484.0,0.0,0.0,3431064.0
8840,975717.0,0.0,0.0,175628.0
8847,7269612.0,0.0,0.0,1308531.0
8851,4824719413.0,1082177.0,0.0,865530265.0
8856,1214685188.0,0.0,0.0,218643245.0
8888,11131000.0,0.0,0.0,1402320.0
8889,2110198.0,0.0,0.0,379836.0
8898,81315302.0,0.0,0.0,14551089.0
8908,2760000.0,0.0,0.0,496800.0
8911,166873299.0,0.0,0.0,30036995.0
8918,32035944.0,0.0,0.0,5766468.0
8943,573750.0,0.0,0.0,103275.0
8946,64522176.0,0.0,0.0,0.0
8962,882570611.0,6810874.0,0.0,157978206.0
8969,26429148.0,0.0,0.0,4757244.0
8971,183194050.0,0.0,0.0,10991643.0
8975,1179484395.0,2326025.0,0.0,212725875.0
8978,246235155.0,411148.0,0.0,43782874.0
8990,1008935118.0,0.0,0.0,67112658.0
8991,48949020.0,0.0,0.0,8810820.0
9008,81654707.0,0.0,0.0,5986627.0
9066,58401828.0,0.0,0.0,10512324.0
9071,12166933864.0,327485652.0,591345.0,2144311501.0
9098,213738793.0,588529.0,0.0,38578928.0
9099,175949351.0,573051.0,0.0,35943953.0
9118,112102320.0,0.0,0.0,0.0
9140,296492424.0,0.0,0.0,53368536.0
9144,19053840.0,0.0,0.0,3429684.0
9149,48706680.0,0.0,0.0,8767200.0
9152,4559148.0,0.0,0.0,820646.0
9166,2428965000.0,0.0,0.0,437213700.0
9191,60286617.0,0.0,0.0,10851593.0
9195,472884319.0,387368.0,2500.0,81527176.0
9204,23914584.0,0.0,0.0,4304628.0
9206,800500126.0,0.0,0.0,99267309.0
9225,91600818.0,0.0,0.0,0.0
9260,221208865.0,0.0,0.0,39817585.0
9261,247713457.0,153388.0,0.0,30732050.0
9267,270612714.0,0.0,0.0,48710295.0
9279,147112405.0,1183613.0,0.0,25757285.0
9280,7864922149.0,143232874.0,38430.0,1439375582.0
9310,879760981.0,225128.0,0.0,156710987.0
9311,122483597.0,0.0,0.0,22047043.0
9320,639918144.0,238061.0,0.0,109131426.0
9324,86645328.0,0.0,0.0,0.0
9339,76630608.0,0.0,0.0,13793508.0
9352,25744104.0,0.0,0.0,4633944.0
9354,180210155.0,0.0,0.0,23551277.0
9363,48431580.0,0.0,0.0,8717688.0
9365,65042004.0,0.0,0.0,11707560.0
9369,361995125.0,4082.0,0.0,49512664.0
9375,2087843713.0,4114168.0,0.0,360402667.0
9385,41310000.0,413100.0,0.0,0.0
9393,19052076253.0,23381683.0,0.0,3394336449.0
9396,327008976.0,0.0,0.0,58861608.0
9413,5002960821.0,0.0,0.0,300177647.0
9425,55348610.0,60936.0,0.0,8343261.0
9431,32011900.0,0.0,0.0,4060062.0
9459,58587200.0,0.0,0.0,10545696.0
9466,12942000.0,0.0,0.0,1553040.0
9483,105584482.0,279749.0,2500.0,18159318.0
9485,372321.0,0.0,0.0,44679.0
9487,1347069018.0,2093254.0,0.0,206066130.0
9491,146354460.0,0.0,0.0,26343792.0
9499,300000.0,0.0,0.0,18000.0
9507,8064168.0,0.0,0.0,1322220.0
9508,197538448.0,0.0,0.0,35556920.0
9526,43538555.0,0.0,0.0,7836938.0
9536,46305962.0,0.0,0.0,8335070.0
9537,56456136.0,0.0,0.0,10162106.0
9558,6731951.0,0.0,0.0,1211752.0
9561,55737588.0,0.0,0.0,10032744.0
9573,63081271.0,0.0,0.0,11354628.0
9575,295351651.0,510955.0,0.0,53205420.0
9609,826953486.0,1647361.0,0.0,134265686.0
9614,292435800.0,0.0,0.0,52638440.0
9654,123795684.0,0.0,0.0,22283220.0
9660,47683368.0,0.0,0.0,8984814.0
9690,30671016.0,0.0,0.0,5520783.0
9691,30425652.0,0.0,0.0,5476620.0
9707,6713678.0,0.0,0.0,1208462.0
9709,58561488.0,0.0,0.0,10541064.0
9712,27635472.0,0.0,0.0,4974384.0
9719,38794056.0,0.0,0.0,6982932.0
9731,26100200.0,0.0,0.0,4368036.0
9738,72277970.0,0.0,0.0,13010035.0
9747,71752024.0,0.0,0.0,0.0
9750,622003328.0,0.0,0.0,111960597.0
9757,8143911063.0,0.0,0.0,1166736847.0
9785,70070196.0,0.0,0.0,12612624.0
9788,195620336.0,780604.0,0.0,33774885.0
9797,409667503.0,2039750.0,0.0,62582533.0
9811,693690430.0,6936905.0,0.0,126087895.0
9812,32315595.0,0.0,0.0,5816805.0
9823,129355691.0,0.0,0.0,23284021.0
9824,15648885.0,0.0,0.0,2816802.0
9828,7125289.0,60827.0,0.0,981219.0
9838,163939474.0,13600.0,0.0,29509109.0
9842,67100009.0,161994.0,0.0,7902233.0
9850,46390426.0,0.0,0.0,8350276.0
9851,87399168.0,0.0,0.0,15731844.0
9860,758633057.0,101358.0,0.0,121605338.0
9886,37745060.0,0.0,0.0,6794104.0
9900,56530220.0,0.0,0.0,10175426.0
9921,1908075563.0,92040.0,0.0,242716447.0
9923,19450373338.0,7877815.0,0.0,3454600748.0
9925,85000000.0,0.0,0.0,10200000.0
9931,5018756235.0,0.0,0.0,301125364.0
9936,389740636.0,203053.0,0.0,70053699.0
9967,16696406.0,0.0,0.0,2188814.0
9971,77081084.0,0.0,0.0,13874593.0
9987,205634353.0,0.0,0.0,21411795.0
9988,66917440.0,0.0,0.0,12045142.0
10005,5636830.0,0.0,0.0,834630.0
10008,40093292.0,0.0,0.0,7216794.0
10011,117158592.0,0.0,0.0,7029516.0
10020,86406420.0,0.0,0.0,15553156.0
10025,404790574.0,0.0,0.0,72862305.0
10034,69868781.0,394738.0,0.0,12082687.0
10057,3357033956.0,877617.0,0.0,589097531.0
10064,104915082.0,58125.0,0.0,17976212.0
10067,105557700.0,0.0,0.0,6204102.0
10068,38270.0,0.0,0.0,6888.0
10074,233271644.0,0.0,0.0,41988898.0
10105,29379965.0,0.0,0.0,5288393.0
10107,23951832.0,0.0,0.0,3457590.0
10131,4751372827.0,9802305.0,0.0,840544313.0
10133,249669076.0,66000.0,0.0,43353659.0
10147,34871488.0,0.0,0.0,6276870.0
10162,40674277928.0,404406657.0,0.0,7749633789.0
10171,97769550.0,0.0,0.0,16570920.0
10182,96652739.0,767032.0,0.0,8949729.0
10191,46637383.0,0.0,0.0,8249529.0
10193,271869415.0,40433.0,0.0,47041111.0
10198,7147767.0,0.0,0.0,0.0
10200,1205929425.0,3663400.0,0.0,205623953.0
10218,7055922.0,0.0,0.0,1270068.0
10226,23626884.0,0.0,0.0,4252836.0
10235,76852284.0,0.0,0.0,7364388.0
10240,25552197.0,0.0,0.0,3550810.0
10246,180643913.0,351982.0,0.0,31207278.0
10247,13876164.0,0.0,0.0,2497704.0
10249,100018414.0,43284.0,0.0,17753182.0
10261,73389084.0,0.0,0.0,13210044.0
10269,51935481.0,0.0,0.0,9348381.0
10273,207639576.0,0.0,0.0,37375116.0
10290,15296724.0,0.0,0.0,2753403.0
10293,85877262.0,71133.0,0.0,13122203.0
10295,16820268.0,0.0,0.0,3027648.0
10318,180734995.0,1183734.0,0.0,26324108.0
10324,56456136.0,0.0,0.0,10162105.0
10341,2019521097.0,0.0,0.0,363513800.0
10352,89963412.0,0.0,0.0,16193412.0
10368,21558084.0,0.0,0.0,3880452.0
10370,474512.0,0.0,0.0,56941.0
10372,7337566.0,2210.0,0.0,1321160.0
10385,39058075110.0,0.0,0.0,6958301331.0
10390,54438423.0,0.0,0.0,9798912.0
10394,60317526.0,5280.0,0.0,10854250.0
10411,20648500.0,0.0,0.0,2054730.0
10437,9277537.0,0.0,0.0,1669957.0
10447,83934665.0,0.0,0.0,15108244.0
10448,4351425.0,0.0,0.0,522171.0
10449,20088252.0,0.0,0.0,3615876.0
10456,80565413.0,0.0,0.0,12508129.0
10462,39792312.0,0.0,0.0,4775076.0
10467,223636675.0,0.0,0.0,24796078.0
10473,85863718.0,0.0,0.0,15455466.0
10488,4493088.0,0.0,0.0,742664.0
10505,807923875.0,0.0,0.0,143677949.0
10526,12937125.0,0.0,0.0,2328681.0
10530,18322620.0,0.0,0.0,3298068.0
10533,10549656.0,0.0,0.0,1898928.0
10537,25512780.0,0.0,0.0,4592304.0
10545,3189560537.0,413116.0,357953.0,566039817.0
10555,24858660.0,0.0,0.0,4660995.0
10556,289683650.0,0.0,0.0,52117433.0
10564,34139952.0,0.0,0.0,6145188.0
10567,245255220.0,0.0,0.0,44145936.0
10572,11067140.0,110671.0,0.0,2012006.0
10582,18789969.0,0.0,0.0,3382038.0
10586,9562248.0,0.0,0.0,1721208.0
10588,294855368.0,0.0,0.0,53073948.0
10595,76814455.0,0.0,0.0,13826593.0
10597,45463.0,0.0,0.0,8184.0
10600,952665566.0,26400.0,0.0,171484950.0
10619,44079032.0,0.0,0.0,7934230.0
10620,132790284.0,0.0,0.0,23902248.0
10632,4160490.0,0.0,0.0,748890.0
10633,37100.0,0.0,0.0,6678.0
10635,50096416.0,0.0,0.0,9017356.0
10639,4763000000.0,0.0,0.0,857340000.0
10642,12337140.0,0.0,0.0,2220684.0
10657,437096095.0,1032148.0,0.0,78814307.0
10664,47300980.0,0.0,0.0,0.0
10670,4093000.0,0.0,0.0,0.0
10696,34968639.0,0.0,0.0,6294356.0
10719,517056747.0,0.0,0.0,93070197.0
10727,787475.0,0.0,0.0,94495.0
10755,26132556.0,0.0,0.0,4703856.0
10760,238674869.0,0.0,0.0,42961477.0
10763,96050640.0,0.0,0.0,17289108.0
10792,160516582.0,0.0,0.0,24290064.0
10812,110989354.0,0.0,0.0,19978086.0
10824,781606355.0,0.0,0.0,100206187.0
10830,66060396.0,0.0,0.0,11890872.0
10831,14641704.0,0.0,0.0,1757005.0
10834,2315937304.0,8197388.0,0.0,389477662.0
10845,765000.0,0.0,0.0,137700.0
10853,41767335.0,0.0,0.0,7518122.0
10854,19295622.0,0.0,0.0,3473208.0
10861,1015773864.0,0.0,0.0,136356424.0
10876,1439557792.0,1952483.0,2235.0,249015578.0
10883,26132556.0,0.0,0.0,4703856.0
10885,33498908.0,0.0,0.0,6029808.0
10890,7685256.0,0.0,0.0,1383344.0
10897,627278870.0,22300.0,0.0,109521119.0
10899,13088712.0,0.0,0.0,2355696.0
10932,34334019.0,0.0,0.0,6180123.0
10939,61819832.0,336705.0,0.0,9617766.0
10948,356295107.0,521708.0,0.0,56150642.0
10956,546027001.0,18962.0,0.0,72627200.0
10959,56381620.0,0.0,0.0,10148688.0
10961,1801779770.0,5198462.0,0.0,321150266.0
10976,47221602.0,0.0,0.0,8499886.0
10994,61481979.0,0.0,0.0,12921580.0
11003,63562847.0,0.0,0.0,11441302.0
11007,18776230.0,0.0,0.0,0.0
11026,408581852.0,0.0,0.0,73488661.0
11038,3399316878.0,21275852.0,26141.0,507616331.0
11061,84842389.0,0.0,0.0,15271625.0
11077,22464600.0,0.0,0.0,4043628.0
11086,151800000.0,0.0,0.0,27324000.0
11097,8700943.0,17037.0,0.0,1568100.0
11108,245140943.0,652813.0,0.0,40696682.0
11117,339053965.0,0.0,0.0,61029594.0
11137,55064051.0,0.0,0.0,9911524.0
11151,8337137.0,11928.0,0.0,994543.0
11164,34029614.0,0.0,0.0,6125331.0
11172,22342188.0,0.0,0.0,4021596.0
11174,50585872.0,0.0,0.0,6722136.0
11179,46875760.0,0.0,0.0,8437320.0
11214,8476968.0,0.0,0.0,1525848.0
11215,208295841.0,65000.0,0.0,37504952.0
11220,1564009781.0,1953896.0,0.0,230679678.0
11221,168000000.0,0.0,0.0,10080000.0
11237,3795480.0,0.0,0.0,683184.0
11238,294855368.0,0.0,0.0,53073948.0
11239,17111964.0,0.0,0.0,3080148.0
11253,18318330.0,0.0,0.0,3297300.0
11262,2789911.0,0.0,0.0,502184.0
11265,4142000.0,0.0,0.0,497040.0
11271,118248660.0,446383.0,0.0,21344953.0
11350,1256240044.0,0.0,0.0,144747098.0
11370,20376791.0,0.0,0.0,3565073.0
11380,449540000.0,4495400.0,0.0,81726372.0
11386,428763209.0,87157.0,0.0,58950624.0
11425,22141017.0,0.0,0.0,3985380.0
11426,1185642447.0,0.0,0.0,221506988.0
11435,5241200.0,0.0,0.0,943416.0
11443,1967852247.0,1401591.0,0.0,327455215.0
11470,273876998.0,202412.0,0.0,45299793.0
11472,41841220.0,0.0,0.0,7531420.0
11486,26001156.0,0.0,0.0,4680204.0
11511,10404300.0,0.0,0.0,1872792.0
11527,59204560.0,0.0,0.0,10656821.0
11531,764387865.0,0.0,0.0,137589815.0
11572,141000960.0,0.0,0.0,25380168.0
11585,169787909.0,175200.0,0.0,25638859.0
11591,141572160.0,0.0,0.0,25482996.0
11592,192378271.0,0.0,0.0,34628067.0
11604,19228638.0,0.0,0.0,3461155.0
11654,1721688831.0,1220430.0,0.0,291014613.0
11700,19930890.0,0.0,0.0,2391707.0
11709,1290624718.0,51170.0,0.0,195693143.0
11719,22478940.0,0.0,0.0,4046208.0
11722,637846356.0,482290.0,0.0,114308153.0
11726,322780585.0,32840.0,0.0,54680517.0
11733,3750000.0,0.0,0.0,675000.0
11748,9387173.0,0.0,0.0,1689691.0
11770,19662468.0,0.0,0.0,3539244.0
11778,255439272.0,0.0,0.0,45034068.0
11783,13163059.0,107015.0,0.0,2246951.0
11797,40891094.0,0.0,0.0,7360400.0
11833,676382116.0,0.0,0.0,121748738.0
11835,537285.0,0.0,0.0,32237.0
11838,619240386.0,2805600.0,0.0,111373269.0
11843,26812756.0,153885.0,0.0,3804015.0
11846,1128090.0,0.0,0.0,203056.0
11853,1577000.0,0.0,0.0,193440.0
11868,34458680.0,0.0,0.0,6202560.0
11891,1909494363.0,2567492.0,0.0,324083933.0
11893,265845492.0,0.0,0.0,50510631.0
11914,238205224.0,0.0,0.0,42876928.0
11949,7822315789.0,5295670.0,0.0,1011486066.0
11953,11473711.0,0.0,0.0,1376845.0
11961,211722827.0,0.0,0.0,38110100.0
11962,52986961.0,282567.0,0.0,9588515.0
11965,75411922.0,0.0,0.0,13574152.0
11977,1506797740.0,159713.0,0.0,234248747.0
11986,216092726.0,2089047.0,0.0,39212807.0
11988,779825369.0,0.0,0.0,101614932.0
11996,9781258.0,0.0,0.0,1650465.0
12003,49513054.0,0.0,0.0,8912355.0
12011,20661936.0,0.0,0.0,3719148.0
12015,83157685.0,0.0,0.0,14968371.0
12017,33484724385.0,136766.0,0.0,6005619198.0
12025,11034270.0,0.0,0.0,1986169.0
12030,31902504.0,0.0,0.0,5742444.0
12031,3420366.0,0.0,0.0,615665.0
12041,60220950.0,0.0,0.0,9652041.0
12042,391029.0,0.0,0.0,70385.0
12063,4072050.0,0.0,0.0,624969.0
12082,255000.0,0.0,0.0,45900.0
12100,43365616.0,0.0,0.0,7805812.0
12114,20482290.0,0.0,0.0,2723087.0
12121,26306576.0,0.0,0.0,4735183.0
12154,188492911.0,0.0,0.0,33928717.0
12175,139357390.0,0.0,0.0,25084330.0
12182,15433412.0,0.0,0.0,206550.0
12184,26910000.0,0.0,0.0,4843800.0
12205,76046820.0,0.0,0.0,13688424.0
12211,12810300.0,0.0,0.0,2305848.0
12220,603667555.0,0.0,0.0,36220056.0
12231,22773663.0,0.0,0.0,4099257.0
12242,16303875.0,0.0,0.0,2934701.0
12247,7490404.0,0.0,0.0,1348272.0
12249,1518031350.0,2464065.0,0.0,257414908.0
12258,186474924.0,57795.0,0.0,32077058.0
12260,83797156.0,0.0,0.0,15083484.0
12263,328776824.0,0.0,0.0,59179830.0
12266,23134824.0,0.0,0.0,4164264.0
12272,24065568.0,0.0,0.0,4331808.0
12279,110150328.0,0.0,0.0,15629331.0
12298,23698092.0,0.0,0.0,4265652.0
12313,617200000.0,0.0,0.0,34427999.0
12316,19265820.0,0.0,0.0,3467844.0
12324,1001255183.0,217385.0,0.0,175788615.0
12333,67825800.0,0.0,0.0,4069548.0
12340,14919183.0,0.0,0.0,2685453.0
12343,22716768.0,0.0,0.0,4089024.0
12349,34963711.0,0.0,0.0,6293459.0
12354,9299220.0,0.0,0.0,1673856.0
12361,140000.0,0.0,0.0,16800.0
12363,3590148720.0,176687.0,0.0,646180013.0
12382,133880237.0,0.0,0.0,23656103.0
12388,91676456.0,0.0,0.0,14820860.0
12395,134945850.0,3872.0,0.0,24290954.0
12402,122167240.0,0.0,0.0,21990103.0
12420,1046862389.0,2273610.0,0.0,161898426.0
12424,20999589.0,0.0,0.0,3779921.0
12432,572420627.0,1211037.0,0.0,103253781.0
12456,13876164.0,0.0,0.0,2497704.0
12465,20761176.0,0.0,0.0,0.0
12487,33397999.0,0.0,0.0,2508120.0
12493,35515248.0,0.0,0.0,6392748.0
12496,30025749.0,0.0,0.0,5404632.0
12500,99516840.0,0.0,0.0,17912664.0
12513,17143944.0,0.0,0.0,0.0
12516,657658504.0,1064962.0,0.0,87850766.0
12521,44485435.0,224602.0,0.0,8047756.0
12523,1230060.0,12299.0,0.0,226935.0
12549,42384534.0,0.0,0.0,7629204.0
12558,71853540.0,0.0,0.0,0.0
12565,583640279.0,0.0,0.0,53994167.0
12569,164200476.0,0.0,0.0,29556084.0
12571,22376444.0,0.0,0.0,4027752.0
12572,2082656604.0,0.0,0.0,129157114.0
12582,12000000.0,0.0,0.0,2160000.0
12615,28983161.0,0.0,0.0,4070730.0
12657,10954272.0,0.0,0.0,1971768.0
12671,44809740.0,0.0,0.0,8065753.0
12676,61529196.0,0.0,0.0,11075247.0
12690,7964934.0,0.0,0.0,1433687.0
12691,46057104082.0,2702981.0,0.0,8203270983.0
12716,3477123295.0,4620365.0,0.0,340713588.0
12731,2493858465.0,551641.0,0.0,397715173.0
12764,37391936.0,0.0,0.0,6730549.0
12774,851340275.0,0.0,0.0,153241153.0
12776,41495568.0,0.0,0.0,7469208.0
12778,223446369.0,0.0,0.0,40220342.0
12810,32554213359.0,40725.0,0.0,5771940227.0
12811,363819999.0,108000.0,0.0,65379552.0
12825,423264629.0,999829.0,0.0,47480800.0
12827,76102358.0,0.0,0.0,13698424.0
12831,14454256.0,0.0,0.0,2601770.0
12847,6330594.0,0.0,0.0,1139508.0
12857,8702424.0,0.0,0.0,1566432.0
12864,912276333.0,0.0,0.0,164209744.0
12867,5869552.0,0.0,0.0,704346.0
12870,130436808.0,0.0,0.0,23478624.0
12893,415028399.0,1081575.0,0.0,70170990.0
12895,15423782.0,0.0,0.0,2750480.0
12896,12204603.0,0.0,0.0,0.0
12910,89791200.0,0.0,0.0,16162416.0
12921,22725228.0,0.0,0.0,4090536.0
12928,3681327.0,0.0,0.0,662637.0
12941,17350943.0,0.0,0.0,3123170.0
12947,63272928.0,0.0,0.0,11389116.0
12965,25512780.0,0.0,0.0,4592304.0
12971,59000620.0,0.0,0.0,10620112.0
12986,6382830925.0,0.0,0.0,1129354432.0
12989,20740272.0,0.0,0.0,3733248.0
12994,41469321822.0,4798596.0,1845053.0,7399038763.0
12997,49970045.0,0.0,0.0,8994607.0
13018,237879197.0,0.0,0.0,37526248.0
13023,197672234.0,128429.0,0.0,35623922.0
13046,222253.0,0.0,0.0,40006.0
13068,3133239.0,0.0,0.0,563983.0
13075,86646025.0,0.0,0.0,15596286.0
13094,1484650.0,1497.0,0.0,205706.0
13126,445681160.0,4163724.0,0.0,80107826.0
13132,29714800.0,0.0,0.0,4680269.0
13158,9947500000.0,0.0,0.0,1790550000.0
13159,33283500.0,0.0,0.0,4947600.0
13165,53327738.0,0.0,0.0,8826969.0
13172,5977457.0,0.0,0.0,1132171.0
13177,26954676.0,0.0,0.0,4851840.0
13203,17358720.0,0.0,0.0,3124572.0
13204,26674476.0,0.0,0.0,4801404.0
13206,270739956.0,0.0,0.0,48733188.0
13213,9252699.0,0.0,0.0,1484881.0
13225,177520440.0,0.0,0.0,31953679.0
13230,13252403.0,0.0,0.0,2385432.0
13285,12375148027.0,8868523.0,0.0,2229123063.0
13288,44579804933.0,9207.0,0.0,7677248448.0
13290,1059334732.0,0.0,0.0,139694746.0
13303,794896825.0,0.0,0.0,129178958.0
13305,59934174.0,0.0,0.0,10788151.0
13310,2959604.0,0.0,0.0,532729.0
13314,38465070.0,0.0,0.0,6923710.0
13318,104592343.0,5287.0,0.0,17164270.0
13320,14579685.0,0.0,0.0,2624346.0
13354,54747963.0,0.0,0.0,9854633.0
13371,1120359939.0,4181677.0,0.0,198219091.0
13372,1654758989.0,383466.0,0.0,228926625.0
13379,13694664.0,0.0,0.0,2465028.0
13386,70625841.0,0.0,0.0,9023240.0
13388,13271800.0,0.0,0.0,2388924.0
13411,184049415.0,0.0,0.0,33128895.0
13469,314515000.0,0.0,0.0,56612700.0
13472,294391266.0,0.0,0.0,37027389.0
13477,31578156.0,0.0,0.0,5684064.0
13494,38067767.0,0.0,0.0,6852199.0
13499,36545352.0,0.0,0.0,6578160.0
13523,39202700.0,149759.0,0.0,4023821.0
13526,435009240.0,0.0,0.0,26100554.0
13533,2692994901.0,0.0,0.0,511652145.0
13540,146458683.0,0.0,0.0,24681846.0
13543,226248006.0,0.0,0.0,22927491.0
13568,1458460705.0,29191.0,0.0,159059691.0
13574,4698642680.0,1049187.0,0.0,758802334.0
13591,1144888403.0,1008845.0,0.0,206330076.0
13600,105732212.0,0.0,0.0,19031796.0
13612,237735849.0,0.0,0.0,28528302.0
13629,482590163.0,0.0,0.0,86866226.0
13631,42153480.0,0.0,0.0,0.0
13633,830603694.0,0.0,0.0,62165301.0
13649,1760000.0,0.0,0.0,316800.0
13654,18436721.0,0.0,0.0,3318606.0
13663,19437923.0,0.0,0.0,1758346.0
13668,246807526.0,0.0,0.0,44425347.0
13681,872519278.0,0.0,0.0,104702312.0
13708,24020328.0,0.0,0.0,4323660.0
13731,13694664.0,0.0,0.0,2464992.0
13748,558066275.0,516067.0,0.0,91598712.0
13766,21231069.0,0.0,0.0,3821591.0
13846,56488413.0,0.0,0.0,10167919.0
13847,29889130.0,6712.0,0.0,4039147.0
13865,22173144.0,0.0,0.0,3991164.0
13873,34479540.0,0.0,0.0,6206310.0
13883,97811488.0,0.0,0.0,17593840.0
13886,30407363.0,103608.0,0.0,5544199.0
13893,274039774.0,0.0,0.0,49327146.0
13901,1578813.0,0.0,0.0,284189.0
13908,251645.0,0.0,0.0,41454.0
13909,91062580.0,0.0,0.0,16391268.0
13917,303226020.0,0.0,0.0,54580685.0
13918,97955781.0,0.0,0.0,17631996.0
13920,76170000.0,0.0,0.0,13710600.0
13939,1501000.0,15010.0,0.0,272882.0
13942,4500000.0,0.0,0.0,540000.0
13983,153671955.0,685421.0,0.0,27784327.0
13986,26753536.0,0.0,0.0,4815636.0
13988,701969.0,0.0,0.0,126354.0
13998,87383026.0,0.0,0.0,15728938.0
14005,66672471.0,0.0,0.0,11876856.0
14023,14659055.0,0.0,0.0,1540480.0
14034,13249184.0,0.0,0.0,2384856.0
14043,634845633.0,0.0,0.0,111002858.0
14048,600626127.0,394654.0,0.0,105553170.0
14061,33409072073.0,332691137.0,0.0,6275378403.0
14091,17274838.0,15187.0,0.0,2588057.0
14098,85634016.0,0.0,0.0,0.0
14110,1430729983.0,253411.0,0.0,228188551.0
14120,119259768.0,29512.0,0.0,20929001.0
14126,270192676.0,291559.0,0.0,41307873.0
14134,17022792.0,0.0,0.0,3064102.0
14145,4316646.0,0.0,0.0,776994.0
14147,95974942.0,0.0,0.0,17348657.0
14167,18945444.0,0.0,0.0,3410172.0
14188,145570407.0,0.0,0.0,26202665.0
14228,331930625.0,546998.0,96880.0,58147252.0
14256,7499406.0,0.0,0.0,1349892.0
14263,138568936.0,85238.0,0.0,23284446.0
14273,102425130.0,0.0,0.0,18436521.0
14278,3453174256.0,5229000.0,26145000.0,519552264.0
14279,158677027.0,0.0,0.0,9520620.0
14290,3401590.0,0.0,0.0,612286.0
14292,58996.0,0.0,0.0,10620.0
14296,777052526.0,372100.0,0.0,121779899.0
14299,150369720.0,0.0,0.0,27066540.0
14303,1875573577.0,581383.0,0.0,292870655.0
14330,2026235447.0,18682153.0,0.0,361753008.0
14331,7266799.0,31318.0,0.0,1222941.0
14334,93705566.0,0.0,0.0,16867002.0
14335,148155073.0,0.0,0.0,17778609.0
14339,175516213.0,949823.0,0.0,29786485.0
14347,7068360.0,0.0,0.0,1272300.0
14372,16384640.0,6536.0,0.0,3114323.0
14375,145144716.0,0.0,0.0,26126064.0
14384,405962838.0,0.0,0.0,73073288.0
14394,2658647304.0,18843379.0,0.0,481948321.0
14398,146000576.0,0.0,0.0,21785342.0
14414,278562975.0,0.0,0.0,50102779.0
14417,141572160.0,0.0,0.0,25482996.0
14419,3386192397.0,221782.0,0.0,555665865.0
14437,31578156.0,0.0,0.0,5684064.0
14440,1199912.0,0.0,0.0,71994.0
14442,732397187.0,2481078.0,0.0,123806367.0
14447,1264202318.0,5864967.0,0.0,228612011.0
14450,271487667.0,0.0,0.0,16289261.0
14460,11309330.0,113094.0,0.0,2052457.0
14474,3395000.0,0.0,0.0,611100.0
14490,997251338.0,9064147.0,0.0,181065895.0
14491,6534732.0,0.0,0.0,1176252.0
14495,26728032.0,0.0,0.0,4811040.0
14497,23698092.0,0.0,0.0,4265652.0
14519,3068855.0,0.0,0.0,295768.0
14528,4682211604.0,24911190.0,0.0,824522678.0
14545,327602786.0,2308.0,0.0,43865970.0
14552,23751684.0,0.0,0.0,4275300.0
14559,459554168.0,0.0,0.0,82719749.0
14569,25803807.0,4755.0,0.0,4545037.0
14574,9677485583.0,893495.0,0.0,1585854650.0
14582,39026172.0,0.0,0.0,7024716.0
14590,18892068.0,0.0,0.0,3400565.0
14595,3310539007.0,0.0,0.0,427967470.0
14614,185053375.0,182661.0,0.0,29081302.0
14618,203142556.0,0.0,0.0,36565660.0
14621,17608716.0,0.0,0.0,3169569.0
14626,38651568.0,0.0,0.0,6957282.0
14655,22411499.0,0.0,0.0,4034069.0
14663,9369672.0,0.0,0.0,1686540.0
14667,23384256.0,0.0,0.0,4209165.0
14690,57647808.0,0.0,0.0,10376424.0
14692,188862.0,0.0,0.0,33996.0
14700,2677500.0,0.0,0.0,409950.0
14707,46712000.0,0.0,0.0,5605440.0
14714,6567876.0,0.0,0.0,1182168.0
14738,16458832.0,0.0,0.0,2962590.0
14781,20548164.0,0.0,0.0,3698664.0
14783,8473556.0,0.0,0.0,1525237.0
14797,565201928.0,0.0,0.0,101735610.0
14805,18649308.0,0.0,0.0,3356876.0
14807,44014150.0,0.0,0.0,7922543.0
14829,70500000.0,0.0,0.0,4230000.0
14834,11700216.0,0.0,0.0,2106036.0
14850,570817032.0,0.0,0.0,80373056.0
14854,210394892.0,288000.0,0.0,37119721.0
14859,1967267.0,0.0,0.0,269819.0
14867,2946994865.0,5192901.0,0.0,508725102.0
14879,60136449.0,451304.0,0.0,4813205.0
14897,166241968.0,13995.0,0.0,29832395.0
14900,709344415.0,5257292.0,0.0,128625194.0
14905,74102784.0,0.0,0.0,13338501.0
14914,20000000.0,0.0,0.0,3600000.0
14937,100000000.0,0.0,0.0,12000000.0
14951,36358284.0,0.0,0.0,0.0
14953,27686160.0,0.0,0.0,4983510.0
14980,4752300.0,0.0,0.0,855414.0
14992,25174332.0,0.0,0.0,4531380.0
15000,125173713.0,0.0,0.0,22531263.0
15037,36358284.0,0.0,0.0,0.0
15053,21392760.0,0.0,0.0,3850692.0
15058,791808973.0,4810824.0,0.0,141122670.0
15067,58139680.0,208298.0,0.0,9426646.0
15068,266457700.0,0.0,0.0,47962367.0
15080,9756543.0,0.0,0.0,1756179.0
15108,4798043152.0,0.0,0.0,287882600.0
15109,38943447.0,0.0,0.0,7009821.0
15110,13165173.0,0.0,0.0,2369730.0
15122,24357410.0,0.0,0.0,1461443.0
15127,179231744.0,0.0,0.0,29631606.0
15130,4340700899.0,0.0,0.0,771502840.0
15167,860405450.0,0.0,0.0,154872977.0
15183,59999989.0,0.0,0.0,10799998.0
15188,2208966088.0,1503598.0,0.0,341326003.0
15192,2000000.0,0.0,0.0,240000.0
15193,42191829.0,0.0,0.0,7594526.0
15223,59025106.0,0.0,0.0,3536605.0
15231,198607347.0,0.0,0.0,35749323.0
15234,43556710.0,0.0,0.0,7840210.0
15236,19279020.0,0.0,0.0,3470220.0
15242,25763916.0,0.0,0.0,4637508.0
15257,191351702.0,267928.0,0.0,25460969.0
15270,269199912.0,1425.0,0.0,43911826.0
15274,11457900.0,0.0,0.0,2062422.0
15279,212674050.0,1815055.0,0.0,35252577.0
15282,3553411922.0,35400.0,0.0,452000534.0
15292,16056420.0,0.0,0.0,2890080.0
15299,97531636.0,0.0,0.0,17555598.0
15310,20371123.0,128108.0,0.0,3236860.0
15316,58671195.0,8871.0,0.0,9713862.0
15324,1341630.0,0.0,0.0,241493.0
15328,26729040.0,0.0,0.0,4811232.0
15330,119484768.0,0.0,0.0,12376896.0
15332,7068360.0,0.0,0.0,1272300.0
15360,3914770.0,0.0,0.0,704660.0
15375,10736061.0,0.0,0.0,1932486.0
15381,2394920515.0,30835.0,0.0,341986308.0
15418,324324745.0,0.0,0.0,58378449.0
15420,16051671.0,0.0,0.0,2220127.0
15423,8578525330.0,85442288.0,0.0,1557092973.0
15433,167663868.0,414752.0,0.0,28267188.0
15478,24674280.0,0.0,0.0,4441368.0
15483,40044350.0,0.0,0.0,4994322.0
15485,89314920.0,0.0,0.0,16076676.0
15518,5402093.0,0.0,0.0,414987.0
15523,1767510428.0,0.0,0.0,318151006.0
15524,2261145413.0,7729748.0,0.0,375270715.0
15527,28199064.0,0.0,0.0,5075831.0
15535,44067797.0,0.0,0.0,7932203.0
15539,4409745717.0,39547289.0,0.0,647225620.0
15541,84000.0,0.0,0.0,15120.0
15549,135514352.0,1306194.0,0.0,24596354.0
15551,213795114.0,0.0,0.0,12827708.0
15565,19935532.0,139500.0,0.0,3597665.0
15567,3237839.0,0.0,0.0,558812.0
15569,152265312.0,0.0,0.0,27407748.0
15578,14400000.0,0.0,0.0,2592000.0
15596,13315800.0,0.0,0.0,2396844.0
15600,95646030.0,0.0,0.0,17216284.0
15643,35359632.0,0.0,0.0,0.0
15644,24107668.0,0.0,0.0,4339380.0
15649,208840803.0,84960.0,1200.0,37240270.0
15670,32209464.0,0.0,0.0,5797704.0
15673,153442293.0,0.0,0.0,27619607.0
15685,17846640.0,0.0,0.0,3212395.0
15691,297282084.0,0.0,0.0,53510775.0
15704,13727004.0,0.0,0.0,2470860.0
15719,70637136.0,0.0,0.0,12714684.0
15724,8620764.0,0.0,0.0,1551681.0
15730,472630.0,4726.0,0.0,85924.0
15743,11817135108.0,0.0,0.0,2100910298.0
15751,678949502.0,152711.0,0.0,117769017.0
15752,57741760.0,267461.0,0.0,10989628.0
15768,299068.0,0.0,0.0,53832.0
15779,50565657.0,168357.0,0.0,7059482.0
15806,2502672882.0,0.0,0.0,450480565.0
15832,137187700.0,0.0,0.0,21714786.0
15833,109666430.0,0.0,0.0,16022561.0
15855,282471771.0,28873.0,0.0,45659828.0
15865,150076764.0,0.0,0.0,27013824.0
15872,26527844.0,0.0,0.0,4775011.0
15873,450000.0,0.0,0.0,81000.0
15885,140585908.0,907059.0,0.0,25447133.0
15888,2857749646.0,0.0,0.0,171464981.0
15893,20274317.0,0.0,0.0,3649380.0
15906,302800000.0,0.0,0.0,18864000.0
15910,46644862.0,0.0,0.0,8395992.0
15930,1953010004.0,0.0,0.0,203938826.0
15948,26777088.0,0.0,0.0,4819878.0
15951,1964282103.0,16979265.0,0.0,355732369.0
15958,138787320.0,0.0,0.0,24981711.0
15969,34016379.0,0.0,0.0,6122946.0
15982,100461250.0,0.0,0.0,14513384.0
15998,26285316.0,0.0,0.0,4731360.0
16006,812764904.0,0.0,0.0,106080645.0
16058,49471092.0,0.0,0.0,8904792.0
16061,41219748.0,0.0,0.0,7419552.0
16063,4311926.0,0.0,0.0,776146.0
16070,1020000.0,0.0,0.0,183600.0
16095,40870798.0,0.0,0.0,7356738.0
16099,88754501.0,0.0,0.0,15975802.0
16101,86379212.0,0.0,0.0,11037412.0
16117,2752066.0,0.0,0.0,495372.0
16138,15437471.0,0.0,0.0,2778742.0
16140,1166459259.0,0.0,0.0,69987557.0
16147,58112.0,0.0,0.0,10460.0
16168,4373630843.0,1676446.0,9996934.0,772419669.0
16176,28528115.0,0.0,0.0,3423374.0
16186,45716649.0,0.0,0.0,8229003.0
16208,40948579.0,98147.0,0.0,7217858.0
16218,101324310.0,0.0,0.0,6079459.0
16236,28279188.0,0.0,0.0,5090256.0
16239,31080.0,0.0,0.0,5594.0
16252,50083080.0,0.0,0.0,9014952.0
16254,14954517.0,0.0,0.0,2691810.0
16260,150491285.0,0.0,0.0,26397649.0
16274,152558748.0,0.0,0.0,27460572.0
16279,161815644.0,0.0,0.0,29111473.0
16283,125607717.0,0.0,0.0,22609395.0
16287,47858300.0,0.0,0.0,2871499.0
16290,23626884.0,0.0,0.0,4252836.0
16291,2280000.0,0.0,0.0,410400.0
16295,19803204.0,0.0,0.0,3564576.0
16309,60761280.0,0.0,0.0,0.0
16311,584095606.0,5109061.0,0.0,105592035.0
16350,76987056.0,0.0,0.0,13857564.0
16380,113841436.0,0.0,0.0,16458952.0
16417,29296995.0,0.0,0.0,5273459.0
16420,163192162.0,0.0,0.0,29374506.0
16437,29883383.0,6631.0,0.0,4424338.0
16454,530120.0,3273.0,0.0,96947.0
16455,57039068.0,23825.0,0.0,8501164.0
16466,23924070.0,0.0,0.0,4306330.0
16469,1698390.0,0.0,0.0,278710.0
16479,12435240.0,0.0,0.0,2238342.0
16495,542765.0,0.0,0.0,97700.0
16496,1587530.0,0.0,0.0,285754.0
16512,12816221.0,0.0,0.0,2306917.0
16540,62000000.0,200000.0,0.0,9984000.0
16547,18222757.0,144937.0,0.0,3163439.0
16563,2351974.0,0.0,0.0,423356.0
16589,425242656.0,0.0,0.0,76543680.0
16602,48922817.0,0.0,0.0,8806105.0
16613,35359632.0,0.0,0.0,0.0
16618,1752213.0,0.0,0.0,315397.0
16619,15006000.0,0.0,0.0,1900920.0
16624,2120433280.0,11481145.0,0.0,377384758.0
16635,5494596.0,0.0,0.0,989019.0
16638,88364424.0,0.0,0.0,15905604.0
16643,8120772.0,0.0,0.0,1458487.0
16653,26141160.0,0.0,0.0,4705404.0
16663,27121554.0,0.0,0.0,4881882.0
16669,272252491.0,258854.0,0.0,47186371.0
16672,497421381.0,0.0,0.0,89535833.0
16680,52643124.0,0.0,0.0,9475704.0
16721,29893704.0,0.0,0.0,5679780.0
16730,174656807.0,0.0,0.0,31438227.0
16749,157544048.0,0.0,0.0,28357906.0
16755,127722926.0,131182.0,0.0,23013732.0
16769,1242925917.0,1959688.0,59460.0,210080106.0
16773,71075480.0,0.0,0.0,4264530.0
16786,48042152.0,15479.0,0.0,6663156.0
16787,36304368.0,0.0,0.0,6534792.0
16796,261580005.0,131061.0,0.0,46021463.0
16797,445364248.0,0.0,0.0,53443709.0
16829,382959316.0,0.0,0.0,44812658.0
16830,1674622628.0,0.0,0.0,100477361.0
16831,186455571.0,0.0,0.0,32665777.0
16832,109300.0,0.0,0.0,19674.0
16835,42296676.0,0.0,0.0,7613400.0
16841,50780580.0,0.0,0.0,9140505.0
16895,41318550.0,0.0,0.0,7437342.0
16899,1222474.0,0.0,0.0,220045.0
16914,856303532.0,0.0,0.0,161218932.0
16958,10522059.0,0.0,0.0,1893972.0
16965,457883.0,0.0,0.0,82418.0
16967,10169990.0,0.0,0.0,1830598.0
16972,3742093.0,0.0,0.0,673571.0
16991,9172854.0,0.0,0.0,1651113.0
17000,17375585.0,100603.0,0.0,3108315.0
17003,13694664.0,0.0,0.0,2464992.0
17005,11980500.0,0.0,0.0,2156490.0
17026,7666296.0,0.0,0.0,1379935.0
17035,29750760.0,0.0,0.0,5355132.0
17036,36505292.0,0.0,0.0,5148960.0
17037,19366820.0,0.0,0.0,3486020.0
17044,950000.0,0.0,0.0,114000.0
17049,96362636.0,0.0,0.0,17345272.0
17054,54243108.0,0.0,0.0,9763764.0
17059,2277658792.0,517746.0,0.0,380407374.0
17062,38195610.0,0.0,0.0,6875196.0
17075,10310477.0,0.0,0.0,1237257.0
17076,56838990.0,0.0,0.0,10799408.0
17087,1312381161.0,5805789.0,0.0,201388988.0
17099,135000000.0,0.0,0.0,24300000.0
17103,48604395.0,0.0,0.0,8748699.0
17110,5235578511.0,1731205.0,0.0,358923341.0
17122,1329266750.0,0.0,0.0,239268002.0
17141,529713066.0,0.0,0.0,95348339.0
17149,74908488.0,0.0,0.0,13483512.0
17154,17917210.0,0.0,0.0,3225100.0
17155,42083420.0,0.0,0.0,5200898.0
17157,5031408.0,0.0,0.0,905654.0
17161,33940376.0,0.0,0.0,6109268.0
17178,120893520.0,0.0,0.0,21760836.0
17191,59163552.0,0.0,0.0,10649436.0
17205,10807872.0,0.0,0.0,1945416.0
17211,9315538874.0,2292873.0,0.0,1677209718.0
17215,22915800.0,0.0,0.0,4124844.0
17220,3999369152.0,1312074.0,0.0,719255604.0
17228,80916101.0,0.0,0.0,14564898.0
17243,704689272.0,0.0,0.0,98944068.0
17253,7474536200.0,0.0,0.0,1242700508.0
17254,46816830.0,19434.0,0.0,8430524.0
17257,860446450.0,0.0,0.0,154880361.0
17273,50055588.0,0.0,0.0,9009792.0
17274,848490641.0,0.0,0.0,106280916.0
17275,57816624.0,0.0,0.0,10407000.0
17287,6746667.0,0.0,0.0,1214400.0
17312,379712562.0,0.0,0.0,68348263.0
17337,330182113.0,0.0,0.0,62310614.0
17339,94911848.0,0.0,0.0,17084107.0
17351,15594077.0,0.0,0.0,2458720.0
17355,177843432.0,0.0,0.0,19306656.0
17367,37720843.0,0.0,0.0,5493371.0
17401,85841163.0,83820.0,0.0,15466492.0
17408,630152241.0,0.0,0.0,111993856.0
17415,15995366.0,0.0,0.0,2841047.0
17438,161951746.0,1071990.0,0.0,29380977.0
17442,267904170.0,0.0,0.0,48222751.0
17443,17448996.0,0.0,0.0,3140820.0
17454,24364417.0,0.0,0.0,4385590.0
17470,13218800.0,0.0,0.0,1586256.0
17476,35049192.0,0.0,0.0,0.0
17480,23100358757.0,8201000.0,0.0,2509421947.0
17495,132545186.0,0.0,0.0,23858133.0
17511,10268898.0,0.0,0.0,1848402.0
17513,73730512.0,0.0,0.0,13271484.0
17524,63326321.0,0.0,0.0,8693867.0
17528,28934448.0,0.0,0.0,5208192.0
17539,1410963897.0,0.0,0.0,150634713.0
17565,27584260.0,0.0,0.0,4965169.0
17588,64118300.0,0.0,0.0,3847098.0
17592,302941552.0,0.0,0.0,54529465.0
17594,7810280.0,0.0,0.0,885620.0
17616,16325903352.0,0.0,0.0,2934545577.0
17632,28102965.0,26860.0,0.0,4378770.0
17636,360889127.0,26788.0,0.0,54899902.0
17637,336132371.0,2176828.0,0.0,19894342.0
17668,498898716.0,0.0,0.0,89801768.0
17670,894000.0,0.0,0.0,115980.0
17683,746543430.0,0.0,0.0,44792603.0
17692,326858040.0,0.0,0.0,58834452.0
17693,36679308.0,0.0,0.0,6602268.0
17694,34480971.0,0.0,0.0,6206571.0
17699,44723220.0,0.0,0.0,8050182.0
17721,20609064.0,0.0,0.0,3709620.0
17728,75475656.0,0.0,0.0,13954769.0
17730,1526847068.0,7177.0,0.0,254558165.0
17747,2154586325.0,289716.0,0.0,373931545.0
17750,16986036.0,0.0,0.0,3057480.0
17759,31535962.0,0.0,0.0,5676471.0
17762,14781180.0,0.0,0.0,2660616.0
17774,8320980.0,0.0,0.0,1497780.0
17796,58383660.0,0.0,0.0,10509057.0
17799,105946362.0,0.0,0.0,19070346.0
17801,24641736.0,0.0,0.0,0.0
17806,147949681.0,39360.0,0.0,24900774.0
17815,3611740.0,0.0,0.0,650114.0
17817,87336158.0,0.0,0.0,15720507.0
17825,46282484.0,0.0,0.0,5205120.0
17844,31692288.0,0.0,0.0,5704608.0
17849,4688560.0,0.0,0.0,843941.0
17855,17980926.0,0.0,0.0,1078855.0
17862,736788262.0,267147.0,0.0,105252494.0
17863,38783500.0,0.0,0.0,6981030.0
17865,27138648.0,0.0,0.0,4884948.0
17866,149700000.0,0.0,0.0,17964000.0
17884,53766564.0,0.0,0.0,9677983.0
17891,2150690242.0,2934039.0,0.0,340986804.0
17908,472654778.0,0.0,0.0,73545050.0
17922,24065568.0,0.0,0.0,4331808.0
17926,4259007.0,0.0,0.0,766620.0
17929,238838112.0,0.0,0.0,42966860.0
17931,73485978.0,0.0,0.0,10526034.0
17936,9277537.0,0.0,0.0,1669957.0
17959,200429571.0,0.0,0.0,38081619.0
17961,16512396.0,0.0,0.0,2972232.0
17964,21102578.0,0.0,0.0,3798466.0
17980,41946092451.0,0.0,0.0,7550296641.0
17996,104457564.0,0.0,0.0,18757358.0
18010,1431592538.0,0.0,0.0,85895556.0
18016,197402986.0,0.0,0.0,35498393.0
18018,7002072.0,0.0,0.0,1260372.0
18021,114066612.0,0.0,0.0,17510544.0
18042,89963412.0,0.0,0.0,16193412.0
18092,214296688.0,0.0,0.0,38573396.0
18094,1272024376.0,0.0,0.0,76321461.0
18100,465824913.0,0.0,0.0,83848486.0
18103,549114465.0,0.0,0.0,98840555.0
18110,332184794.0,2828760.0,25908.0,59691140.0
18118,27811874.0,0.0,0.0,4198037.0
18146,28495356.0,0.0,0.0,5129164.0
18147,1191144.0,9651.0,0.0,144096.0
18164,240114346.0,0.0,0.0,14406862.0
18175,29418100.0,0.0,0.0,5295258.0
18178,23414711.0,0.0,0.0,4214651.0
18187,675000.0,0.0,0.0,121500.0
18195,4915200.0,0.0,0.0,668736.0
18196,117903924.0,0.0,0.0,21222707.0
18220,3404286223.0,0.0,0.0,477968542.0
18239,258713652.0,0.0,0.0,46568458.0
18244,31925017.0,0.0,0.0,5746501.0
18245,1788654.0,0.0,0.0,321957.0
18260,24382200.0,0.0,0.0,4388796.0
18276,37433957060.0,30430.0,0.0,6630956839.0
18281,19552996.0,0.0,0.0,2806499.0
18284,23312200.0,0.0,0.0,4298008.0
18290,28212138.0,0.0,0.0,5078184.0
18307,56646544.0,0.0,0.0,10196381.0
18308,216587485.0,521200.0,0.0,35136876.0
18309,15963400.0,159634.0,0.0,2902147.0
18310,3177450423.0,0.0,0.0,367012109.0
18320,671491654.0,0.0,0.0,46811419.0
18324,414500009.0,0.0,0.0,73225194.0
18325,1148588002.0,5550.0,0.0,155586169.0
18328,837033219.0,1208192.0,0.0,149902009.0
18332,172785233.0,0.0,0.0,10367111.0
18335,28279188.0,0.0,0.0,5090256.0
18354,15495000.0,0.0,0.0,929700.0
18401,19499677.0,0.0,0.0,3421110.0
18419,139680000.0,0.0,0.0,25142400.0
18427,20176680.0,0.0,0.0,3631800.0
18430,918644825.0,0.0,0.0,116462326.0
18451,47604868.0,41582.0,0.0,7396277.0
18458,30000488.0,0.0,0.0,5400088.0
18463,107680973.0,0.0,0.0,19382521.0
18469,443215.0,0.0,0.0,79779.0
18492,39240047.0,13450.0,0.0,6904116.0
18498,1187720278.0,0.0,0.0,213789598.0
18518,612116500.0,0.0,0.0,110180979.0
18524,237198328.0,0.0,0.0,42695634.0
18551,34511916.0,0.0,0.0,6212148.0
18556,24021756.0,0.0,0.0,0.0
18590,49438623.0,2187.0,0.0,6366235.0
18611,372491712.0,0.0,0.0,67048500.0
18619,9351924.0,0.0,0.0,1683336.0
18621,28046940.0,0.0,0.0,5048448.0
18626,11547858.0,0.0,0.0,2078613.0
18635,106699956.0,0.0,0.0,19206004.0
18643,21714648.0,0.0,0.0,3908640.0
18644,23983650.0,0.0,0.0,1439019.0
18648,741560624.0,0.0,0.0,44493639.0
18671,200773354.0,1454098.0,0.0,33303120.0
18687,54637896.0,0.0,0.0,9834804.0
18704,132456767.0,47193.0,0.0,22982051.0
18709,104405998.0,0.0,0.0,18232680.0
18744,130927956.0,0.0,0.0,23567028.0
18752,41000000.0,0.0,0.0,4920000.0
18781,41495568.0,0.0,0.0,7469208.0
18792,74908488.0,0.0,0.0,13483512.0
18795,84398.0,0.0,0.0,15192.0
18803,192122757.0,66432.0,0.0,15852315.0
18811,110009008.0,0.0,0.0,19801598.0
18815,16982891884.0,0.0,0.0,3042145003.0
18818,139733797.0,0.0,0.0,24988702.0
18827,253798539.0,0.0,0.0,45683735.0
18840,160800858.0,0.0,0.0,28944157.0
18860,3612578137.0,0.0,0.0,216754691.0
18865,2158678.0,0.0,0.0,259041.0
18871,45421463.0,0.0,0.0,8175852.0
18876,69440478.0,0.0,0.0,12499237.0
18879,16563279506.0,165600355.0,0.0,3011123381.0
18884,26011160.0,0.0,0.0,1560670.0
18908,94395516.0,0.0,0.0,16991184.0
18917,5909917024.0,7635884.0,0.0,1049079834.0
18920,40260864.0,0.0,0.0,7246944.0
18930,8602032.0,0.0,0.0,0.0
18962,31915846.0,154000.0,0.0,4870653.0
18985,11951016.0,0.0,0.0,2151180.0
18998,137327220.0,0.0,0.0,24718895.0
19007,13274340.0,0.0,0.0,2389380.0
19048,22167072.0,0.0,0.0,3990072.0
19057,32549526.0,0.0,0.0,5858919.0
19063,892407.0,0.0,0.0,160633.0
19072,2525521050.0,59157.0,0.0,475202570.0
19093,20609501.0,0.0,0.0,3709709.0
19097,131678852.0,0.0,0.0,23702164.0
19103,120472918.0,19220.0,0.0,18136107.0
19107,129421109.0,0.0,0.0,23295800.0
19108,260461248.0,0.0,0.0,46883028.0
19115,169844685.0,0.0,0.0,30551314.0
19128,5950863.0,0.0,0.0,1071156.0
19148,1219546468.0,0.0,0.0,219518364.0
19164,14526096.0,0.0,0.0,2614692.0
19194,97246310.0,0.0,0.0,17504605.0
19204,129339652.0,0.0,0.0,23092285.0
19212,27193680.0,0.0,0.0,4894860.0
19226,145261480.0,0.0,0.0,17431378.0
19235,15272748.0,0.0,0.0,2749092.0
19237,1613091340.0,0.0,0.0,96785480.0
19240,109289000.0,0.0,0.0,6557340.0
19251,86704793.0,0.0,0.0,15606860.0
19272,623964513.0,0.0,0.0,104200044.0
19285,455347930.0,0.0,0.0,81962619.0
19294,97728075.0,490188.0,0.0,16238194.0
19331,295875695.0,0.0,0.0,53257622.0
19350,945262.0,0.0,0.0,113431.0
19375,388880768.0,60114.0,0.0,63024669.0
19377,158091973.0,405503.0,0.0,18385246.0
19380,155830731.0,54575.0,310238.0,26879022.0
19391,253546970.0,0.0,0.0,45638456.0
19405,999281162.0,4194979.0,0.0,168669119.0
19409,302415598.0,0.0,0.0,54434812.0
19418,21884350.0,0.0,0.0,2578122.0
19432,128581900.0,1285819.0,0.0,23376189.0
19434,10101941839.0,0.0,0.0,1777526001.0
19452,33718533.0,27868.0,0.0,5399704.0
19483,98982576.0,0.0,0.0,17816868.0
19499,435742727.0,3906322.0,0.0,74612787.0
19503,135854205.0,0.0,0.0,24453732.0
19525,600000000.0,0.0,0.0,72000000.0
19544,22462230.0,0.0,0.0,4043200.0
19545,270063160.0,0.0,0.0,48611340.0
19546,3429000.0,0.0,0.0,617220.0
19572,14152002.0,0.0,0.0,2547358.0
19574,1408640.0,0.0,0.0,245745.0
19575,10889923.0,0.0,0.0,1960187.0
19576,575736800.0,0.0,0.0,103632620.0
19624,49093191.0,0.0,0.0,8836776.0
19625,62975810.0,275275.0,0.0,11011070.0
19633,776748.0,0.0,0.0,46605.0
19637,317802689.0,2973235.0,0.0,57466586.0
19654,35388288.0,0.0,0.0,6369888.0
19668,36694542.0,0.0,0.0,6605022.0
19693,444257652.0,0.0,0.0,79966260.0
19696,16287275045.0,152777217.0,0.0,2956038407.0
19704,16231728.0,0.0,0.0,2921706.0
19711,95626542.0,0.0,0.0,17212767.0
19712,88111291.0,15580.0,0.0,15862837.0
19729,119073254.0,0.0,0.0,14288791.0
19736,7026867.0,0.0,0.0,843221.0
19738,184560000.0,0.0,0.0,33220800.0
19763,1208522374.0,2601968.0,0.0,217011808.0
19770,110092378.0,1570.0,0.0,14821874.0
19771,14770766.0,0.0,0.0,2257338.0
19788,22716768.0,0.0,0.0,4089024.0
19798,26925647.0,0.0,0.0,3716209.0
19812,14918402.0,142985.0,0.0,2707247.0
19823,3640536.0,0.0,0.0,655296.0
19833,14699994.0,0.0,0.0,2604463.0
19837,63993815.0,8906.0,0.0,8143663.0
19838,3702240.0,0.0,0.0,666402.0
19839,30933855.0,0.0,0.0,5568085.0
19840,64765687.0,0.0,0.0,11657820.0
19846,88375501.0,52933.0,0.0,15917120.0
19853,106724433.0,0.0,0.0,19210019.0
19895,113190790.0,0.0,0.0,20374340.0
19897,462404048.0,136238.0,0.0,83257246.0
19900,9383909.0,0.0,0.0,1689104.0
19902,1441893570.0,140753.0,0.0,239179611.0
19905,97646858.0,81710.0,0.0,16468989.0
19906,697320733.0,0.0,0.0,83678486.0
19907,2055896.0,0.0,0.0,297523.0
19932,2019087884.0,0.0,0.0,236863663.0
19937,507218010.0,757893.0,6000.0,85818626.0
19944,24807072.0,0.0,0.0,4465272.0
19981,23552916.0,0.0,0.0,4239528.0
19996,453386.0,0.0,0.0,81609.0
20025,5650443.0,0.0,0.0,1017081.0
20035,152566329.0,0.0,0.0,27461952.0
20054,763968740.0,0.0,0.0,45838125.0
20060,12331920.0,0.0,0.0,0.0
20073,8064216.0,0.0,0.0,1451556.0
20076,308391.0,0.0,0.0,37007.0
20104,9368896.0,0.0,0.0,1170769.0
20120,82592750.0,0.0,0.0,14866602.0
20133,32209464.0,0.0,0.0,5797704.0
20138,30932046.0,0.0,0.0,5567772.0
20147,592924361.0,0.0,0.0,111897001.0
20151,30547904.0,0.0,0.0,5498623.0
20172,20717264.0,0.0,0.0,3729104.0
20173,58441616.0,0.0,0.0,3506497.0
20181,531908623.0,0.0,0.0,95723994.0
20190,323525878.0,0.0,0.0,19411558.0
20191,3094746000.0,1104852.0,0.0,417613252.0
20198,315105881.0,866888.0,0.0,56202998.0
20202,41951352.0,0.0,0.0,7551240.0
20218,424599144.0,0.0,0.0,76427844.0
20223,79053576.0,0.0,0.0,14229636.0
20230,71802891.0,0.0,0.0,12924522.0
20249,602815345.0,0.0,0.0,108506761.0
20261,11963928.0,0.0,0.0,2153508.0
20278,596101925.0,42393.0,0.0,88541832.0
20279,3749703.0,0.0,0.0,674946.0
20293,928478474.0,900646.0,0.0,137317098.0
20307,1098424205.0,29157742.0,0.0,201706264.0
20311,2250000.0,0.0,0.0,405000.0
20313,83511275470.0,33384554.0,0.0,13521515570.0
20337,20216470.0,200148.0,0.0,3638963.0
20338,32137566.0,30045.0,0.0,5629971.0
20339,257822642.0,18312.0,0.0,40632015.0
20366,21112695.0,0.0,89910.0,3736053.0
20390,115943522.0,197032.0,0.0,18563020.0
20411,13166628.0,0.0,0.0,2369988.0
20415,30484386.0,0.0,0.0,5487192.0
20425,25384092.0,0.0,0.0,4569132.0
20431,219086343.0,0.0,0.0,28171666.0
20433,17550324.0,0.0,0.0,3159054.0
20435,30000393.0,0.0,0.0,5400070.0
20437,148002337.0,41111.0,0.0,25931784.0
20455,1463024.0,0.0,0.0,263344.0
20457,100099915.0,301721.0,0.0,5491423.0
20459,116039742.0,0.0,0.0,8122781.0
20463,97729356.0,0.0,0.0,17591229.0
20468,64421904.0,0.0,0.0,11595942.0
20469,1390289315.0,1543126.0,0.0,250529834.0
20473,54642731.0,0.0,0.0,9835684.0
20493,1637752407.0,16342491.0,0.0,297679517.0
20494,48016488.0,0.0,0.0,8642968.0
20496,137202287.0,0.0,0.0,24696417.0
20498,48803372.0,0.0,0.0,8784606.0
20499,376079814.0,0.0,0.0,67694370.0
20500,229363272.0,0.0,0.0,41285388.0
20501,15304992.0,0.0,0.0,2754896.0
20502,37834485.0,0.0,0.0,6810210.0
20521,2852141279.0,15765930.0,0.0,362560695.0
20524,40204332.0,0.0,0.0,7236771.0
20525,159998698.0,0.0,0.0,28799766.0
20527,103037571.0,0.0,0.0,18546762.0
20529,133030.0,0.0,0.0,15964.0
20544,93859822.0,0.0,0.0,16894766.0
20547,13095264.0,0.0,0.0,2357148.0
20550,64313243.0,35660.0,0.0,10196735.0
20553,27756459.0,0.0,0.0,4926348.0
20555,389610618.0,0.0,0.0,70129885.0
20577,14346288.0,0.0,0.0,2582328.0
20582,23396028.0,0.0,0.0,4211285.0
20610,40380500.0,0.0,0.0,7268490.0
20613,838043118.0,0.0,0.0,149255841.0
20615,1955988857.0,0.0,0.0,117359327.0
20626,402377298.0,20220.0,0.0,64789399.0
20632,61989287.0,0.0,0.0,11158020.0
20634,39089926.0,0.0,0.0,4723172.0
20642,3743232.0,0.0,0.0,673782.0
20649,2294394833.0,0.0,0.0,137663689.0
20654,52643124.0,0.0,0.0,9475704.0
20655,19974500.0,0.0,0.0,3595410.0
20656,13199908.0,0.0,0.0,2375983.0
20660,25162008.0,0.0,0.0,4529088.0
20679,645964252.0,0.0,0.0,116273565.0
20690,265340319.0,1226775.0,0.0,47982076.0
20695,176993210.0,0.0,0.0,4572822.0
20722,131527383.0,0.0,0.0,23674662.0
20729,26835837.0,0.0,0.0,4509030.0
20739,189856973.0,0.0,0.0,34174248.0
20743,246486286.0,0.0,0.0,44367531.0
20767,482915399.0,876446.0,62080.0,85593931.0
20772,55947312.0,0.0,0.0,10070508.0
20784,379816136.0,0.0,0.0,39864564.0
20790,13730000.0,0.0,0.0,2471400.0
20831,12283492934.0,6344214.0,0.0,2210366731.0
20847,1149334282.0,0.0,0.0,68960053.0
20853,991973655.0,0.0,0.0,133413220.0
20854,27103212.0,0.0,0.0,4878578.0
20855,73313342.0,0.0,0.0,13196402.0
20860,136589691.0,0.0,0.0,21918184.0
20869,166909788.0,0.0,0.0,16871624.0
20871,2712307184.0,1275154.0,0.0,448137335.0
20874,14830800.0,0.0,0.0,2669544.0
20894,55611844.0,0.0,0.0,10010135.0
20904,43487274.0,9904.0,0.0,7633157.0
20905,22862185.0,0.0,0.0,4115195.0
20913,64438747.0,0.0,0.0,10982432.0
20937,35822215.0,0.0,0.0,6447999.0
20948,121982950.0,0.0,0.0,18846590.0
20949,875889615.0,30810.0,0.0,150524137.0
20959,50055588.0,0.0,0.0,9009792.0
20978,82521636.0,0.0,0.0,0.0
20979,3683850.0,0.0,0.0,442062.0
21000,24259964.0,26216.0,0.0,4366711.0
21016,295258225.0,139492.0,0.0,17303943.0
21023,352053116.0,0.0,0.0,63369509.0
21055,347378328.0,0.0,0.0,62528075.0
21057,235991440.0,0.0,0.0,21811988.0
21058,27635472.0,0.0,0.0,4974384.0
21062,31997576.0,0.0,0.0,5759564.0
21068,52655105.0,0.0,0.0,6619655.0
21075,63598480.0,0.0,0.0,11447640.0
21083,47472240.0,0.0,0.0,8544999.0
21092,35080968.0,0.0,0.0,6314580.0
21113,875936972.0,0.0,0.0,52556219.0
21121,35293668.0,0.0,0.0,6352860.0
21122,121961068.0,0.0,170.0,15372029.0
21135,363030710.0,406610.0,0.0,65403226.0
21194,6572236.0,0.0,0.0,1183003.0
21230,44031387.0,39800.0,0.0,6937194.0
21233,83369099.0,7013.0,0.0,14946258.0
21234,151041870.0,47435.0,0.0,24971100.0
21252,140597672.0,71400.0,0.0,20809301.0
21261,14509187.0,0.0,0.0,1855762.0
21272,30281785.0,0.0,0.0,5450670.0
21275,15337348.0,0.0,0.0,2760678.0
21310,675839819.0,0.0,0.0,121651170.0
21315,3052338210.0,2035978.0,0.0,434743969.0
21335,21058805.0,0.0,0.0,3790585.0
21367,44165712.0,0.0,0.0,7949808.0
21369,14206039275.0,0.0,0.0,2533519040.0
21382,11754214.0,0.0,0.0,2115738.0
21395,412686240.0,0.0,0.0,49522349.0
21412,240268853.0,34181.0,0.0,37521291.0
21414,1838559.0,0.0,0.0,305140.0
21425,25345670.0,0.0,0.0,4562219.0
21441,1460037676.0,784612.0,297108.0,237905535.0
21448,32510259.0,0.0,0.0,5851845.0
21460,14954430.0,0.0,0.0,2691798.0
21466,11652466.0,0.0,0.0,2097441.0
21490,1151112.0,0.0,0.0,207200.0
21505,14185850.0,0.0,0.0,2553455.0
21507,19065740.0,0.0,0.0,3431830.0
21515,52909344.0,0.0,0.0,9523680.0
21520,153395064.0,24000.0,0.0,19644442.0
21537,1506640.0,0.0,0.0,271196.0
21539,5453000.0,0.0,0.0,981540.0
21542,41517280.0,0.0,0.0,0.0
21544,1395564.0,0.0,0.0,251202.0
21557,72242938.0,26177.0,0.0,12719215.0
21572,308438199.0,0.0,0.0,55518834.0
21579,297000.0,0.0,0.0,35640.0
21580,840137453.0,580291.0,0.0,149185168.0
21582,71853540.0,0.0,0.0,0.0
21583,92590000.0,0.0,0.0,16666200.0
21584,1719100.0,0.0,0.0,309440.0
21610,429106895.0,4291072.0,0.0,78011632.0
21623,113527956.0,0.0,0.0,20435028.0
21630,85935000.0,0.0,0.0,14244300.0
21631,816472828.0,0.0,0.0,80134844.0
21636,12603681.0,0.0,0.0,2268666.0
21649,88750140.0,0.0,0.0,15975028.0
21653,346579876.0,0.0,0.0,62384350.0
21655,59613976.0,0.0,0.0,10730519.0
21671,801832948.0,0.0,0.0,134909548.0
21673,50400000.0,504.0,0.0,9162720.0
21675,5522340.0,0.0,0.0,994020.0
21685,11527884.0,0.0,0.0,2075016.0
21690,17015856.0,0.0,0.0,3062856.0
21695,6416932.0,0.0,0.0,1155048.0
21712,401923841.0,389722.0,0.0,58833970.0
21713,2337657119.0,0.0,0.0,326192253.0
21735,20267715.0,32100.0,0.0,3856964.0
21755,223488236.0,0.0,0.0,40227872.0
21774,21371520.0,0.0,0.0,3846876.0
21786,341838519.0,2125.0,0.0,60239304.0
21789,395298585.0,0.0,0.0,71153712.0
21804,19950396.0,0.0,0.0,3591072.0
21814,1286643817.0,2206818.0,0.0,228727428.0
21831,21110844.0,0.0,0.0,3799956.0
21833,542271420.0,0.0,0.0,93247516.0
21851,9897497.0,0.0,0.0,0.0
21857,30643977.0,0.0,0.0,5515916.0
21867,129793936.0,0.0,0.0,23362912.0
21872,268930.0,0.0,0.0,48406.0
21873,21558084.0,0.0,0.0,3880452.0
21905,30590000.0,0.0,0.0,3670800.0
21909,19526517.0,0.0,0.0,3340577.0
21946,115636832.0,0.0,0.0,19839176.0
21948,51206664.0,0.0,0.0,9217200.0
21951,104057640.0,0.0,0.0,18730368.0
21954,45768627.0,0.0,0.0,8238353.0
21965,884406829.0,0.0,0.0,158076013.0
21967,372141272.0,0.0,0.0,22328475.0
21983,5475302.0,0.0,0.0,985551.0
21989,6106661199.0,6620555.0,0.0,336318375.0
22009,1031279.0,0.0,0.0,185630.0
22041,34754448.0,0.0,0.0,6255804.0
22059,46033444.0,0.0,0.0,8286012.0
22061,204094.0,0.0,0.0,36737.0
22062,201598142.0,83848.0,0.0,34579818.0
22067,1472191783.0,0.0,0.0,113043367.0
22072,827478360.0,0.0,0.0,148395360.0
22082,16352280.0,0.0,0.0,2943408.0
22087,614822.0,0.0,0.0,110668.0
22097,24546048.0,0.0,0.0,4418288.0
22104,235449034.0,0.0,0.0,14126943.0
22115,4667927.0,0.0,0.0,678756.0
22117,44590188.0,0.0,0.0,8026236.0
22127,916757391.0,1123895.0,0.0,155517566.0
22128,1228421349.0,2367826.0,0.0,220327226.0
22151,39026172.0,0.0,0.0,7024716.0
22155,71096652.0,0.0,0.0,12797388.0
22165,1102320.0,0.0,0.0,198418.0
22166,44910249.0,0.0,0.0,8083847.0
22181,292972639.0,0.0,0.0,35553439.0
22182,80366502.0,0.0,0.0,14465979.0
22198,20899632.0,0.0,0.0,3761928.0
22203,30765852.0,0.0,0.0,5537847.0
22230,26441016.0,0.0,0.0,0.0
22239,836847436.0,0.0,0.0,150632428.0
22249,8310000.0,0.0,0.0,1030800.0
22261,8320980.0,0.0,0.0,1497780.0
22263,64939080.0,0.0,0.0,11689002.0
22285,84000000.0,0.0,0.0,10080000.0
22294,287169548.0,0.0,0.0,51690517.0
22300,908831.0,6000.0,0.0,136757.0
22302,2118570890.0,3338433.0,0.0,309838528.0
22307,21670110.0,140820.0,0.0,3925966.0
22321,580212355.0,0.0,0.0,104438224.0
22324,713913.0,0.0,0.0,128504.0
22355,90117401.0,0.0,0.0,13011124.0
22357,109684043.0,0.0,0.0,15632740.0
22359,145035828.0,0.0,0.0,26106444.0
22364,65612436.0,0.0,0.0,11810232.0
22411,84885540.0,0.0,0.0,0.0
22431,1961952.0,0.0,0.0,353151.0
22432,578220738.0,0.0,0.0,81558968.0
22448,350527275.0,0.0,0.0,65912353.0
22451,8917074.0,0.0,0.0,1605072.0
22460,106678884.0,0.0,0.0,19202190.0
22467,3104026931.0,0.0,0.0,377481960.0
22470,25096848.0,0.0,0.0,4517436.0
22483,1184239926.0,0.0,0.0,213163189.0
22487,5786976.0,0.0,0.0,1041660.0
22489,6629208.0,0.0,0.0,1193256.0
22504,80250.0,0.0,0.0,14445.0
22527,2509237.0,0.0,0.0,407743.0
22543,708535972.0,102063.0,0.0,108638905.0
22546,25875030.0,0.0,0.0,4657505.0
22564,141000960.0,0.0,0.0,25380168.0
22572,5484864015.0,6851814.0,1000.0,831824283.0
22576,62754908.0,0.0,0.0,11295894.0
22585,25471872.0,0.0,0.0,0.0
22608,440524345.0,1720179.0,0.0,78612687.0
22615,301810019.0,0.0,0.0,54299792.0
22639,38697778827.0,12829.0,0.0,6949934423.0
22642,20000424.0,0.0,0.0,3600076.0
22660,93992783.0,4500.0,0.0,11096377.0
22670,447109984.0,0.0,0.0,80094754.0
22672,323558524.0,0.0,0.0,58240539.0
22683,41286750.0,146401.0,0.0,7457965.0
22685,14111844.0,0.0,0.0,2540136.0
22690,80777144.0,0.0,0.0,14539887.0
22707,2563610381.0,7160395.0,0.0,453951714.0
22715,274154778.0,2100.0,0.0,46799136.0
22721,63556900.0,0.0,0.0,11440240.0
22733,9901602.0,0.0,0.0,1782288.0
22737,4534624211.0,1106054.0,0.0,735811138.0
22753,160516047.0,579584.0,0.0,27793135.0
22755,210868841.0,1759659.0,339.0,34931959.0
22765,25096848.0,0.0,0.0,4517436.0
22766,8547562.0,0.0,0.0,1538562.0
22774,25111068.0,0.0,0.0,4519992.0
22780,78237993.0,0.0,0.0,14082828.0
22828,6350377991.0,1127390.0,0.0,1070998220.0
22844,550025721.0,0.0,0.0,98908813.0
22856,14035846133.0,0.0,0.0,2525069429.0
22858,96331.0,0.0,0.0,17342.0
22859,72784868.0,0.0,0.0,4367092.0
22887,193209.0,0.0,0.0,34778.0
22897,1206133035.0,5524445.0,0.0,206614644.0
22910,43064410.0,0.0,0.0,7751590.0
22914,23523898.0,0.0,0.0,4144902.0
22920,13691480.0,0.0,0.0,2464470.0
22922,49880944.0,0.0,0.0,8824592.0
22968,7426329.0,0.0,0.0,1336739.0
22982,6841130.0,0.0,0.0,1231400.0
22987,3161967974.0,0.0,0.0,569153481.0
22990,28591068.0,0.0,0.0,0.0
22997,17473027.0,0.0,0.0,3145142.0
23012,93658115.0,180817.0,0.0,15820541.0
23013,16804908.0,0.0,0.0,3024888.0
23014,323248043.0,0.0,0.0,58753045.0
23033,41173420.0,0.0,0.0,7411219.0
23037,34209747471.0,75740.0,0.0,6091986470.0
23045,24999101.0,0.0,0.0,4499838.0
23050,70730953.0,0.0,0.0,12731544.0
23051,147896495.0,0.0,0.0,26621366.0
23068,52441179.0,0.0,0.0,8940152.0
23069,78926795.0,0.0,0.0,14206830.0
23083,20973988.0,6128.0,0.0,3447022.0
23086,110565116.0,0.0,0.0,20824984.0
23092,553713650.0,0.0,0.0,99668451.0
23097,27794028.0,0.0,0.0,5002920.0
23098,385984223.0,0.0,0.0,69477066.0
23112,237923873.0,0.0,0.0,28078846.0
23127,310309238.0,0.0,0.0,55855668.0
23128,301089756.0,0.0,0.0,18065386.0
23135,5147418.0,0.0,0.0,926536.0
23137,57647808.0,0.0,0.0,10376424.0
23143,187394304.0,1646812.0,0.0,13009037.0
23144,10443008.0,0.0,0.0,1879742.0
23147,667313905.0,156818.0,0.0,120144727.0
23172,31929876.0,0.0,0.0,5747378.0
23220,51190680.0,0.0,0.0,9214320.0
23222,55636683.0,78044.0,0.0,8821461.0
23236,6428653108.0,1858.0,0.0,1148659316.0
23245,18322620.0,0.0,0.0,3298068.0
23272,23889279.0,0.0,0.0,4300070.0
23282,83812008.0,0.0,0.0,15086160.0
23285,24605200.0,0.0,0.0,1476312.0
23312,8331037.0,0.0,0.0,1422630.0
23324,4000000.0,0.0,0.0,480000.0
23327,50000000.0,0.0,0.0,0.0
23333,3868194.0,0.0,0.0,696276.0
23348,15195168.0,0.0,0.0,2735136.0
23350,99450934.0,0.0,0.0,17901168.0
23351,14985938.0,1538.0,0.0,2444080.0
23374,395858995.0,517573.0,0.0,65862540.0
23378,229363272.0,0.0,0.0,41285388.0
23386,16512396.0,0.0,0.0,2972232.0
23405,51258062.0,150000.0,0.0,9235449.0
23417,102294605.0,0.0,0.0,18413028.0
23418,11805732.0,0.0,0.0,2125032.0
23430,988909826.0,2424646.0,0.0,178017377.0
23446,6862515.0,0.0,0.0,1235250.0
23450,795050568.0,0.0,0.0,143109108.0
23451,249949728.0,0.0,0.0,44990952.0
23468,44683795.0,0.0,0.0,8043083.0
23477,97218180.0,0.0,0.0,17499240.0
23481,95972819.0,0.0,0.0,17275088.0
23527,430773853.0,325864.0,0.0,76545551.0
23528,16085386.0,0.0,0.0,2729930.0
23549,21346140.0,0.0,0.0,3842304.0
23566,198358.0,0.0,0.0,23803.0
23590,109817776.0,0.0,0.0,19767120.0
23595,7499406.0,0.0,0.0,1349892.0
23599,476623572.0,4754445.0,0.0,85925279.0
23603,108754224.0,0.0,0.0,19575763.0
23626,20200000.0,0.0,0.0,2424000.0
23627,982475.0,0.0,0.0,176846.0
23628,539412720.0,0.0,0.0,85764215.0
23637,345621629.0,225174.0,0.0,61538139.0
23639,138544857.0,35837.0,0.0,23198262.0
23646,930000.0,0.0,0.0,167400.0
23663,25198595.0,0.0,0.0,4535745.0
23673,4766742.0,0.0,0.0,732014.0
23711,366833702.0,5200.0,0.0,41690363.0
23729,1201000.0,0.0,0.0,216180.0
23730,19217112.0,0.0,0.0,3459072.0
23733,20382120.0,0.0,0.0,3668784.0
23743,82580548.0,0.0,0.0,14864492.0
23746,5304732.0,0.0,0.0,954852.0
23769,289840526.0,0.0,0.0,52171293.0
23776,31324968.0,0.0,0.0,5638500.0
23778,18642300.0,15652.0,0.0,1924621.0
23779,6871404.0,0.0,0.0,1236852.0
23803,779841295.0,0.0,0.0,136683843.0
23809,2247722.0,0.0,0.0,404590.0
23827,2800000.0,0.0,0.0,364000.0
23828,1072195742.0,2772000.0,13860000.0,192819326.0
23838,26132556.0,0.0,0.0,4703856.0
23866,38800000.0,0.0,0.0,6984000.0
23882,16245188.0,0.0,0.0,2348947.0
23918,303736530.0,210714.0,0.0,38061720.0
23923,124521.0,0.0,0.0,7471.0
23926,34350890.0,0.0,0.0,6183160.0
23932,82124530.0,0.0,0.0,14782414.0
23934,778457969.0,630950.0,0.0,106523703.0
23947,8305512.0,0.0,0.0,1494996.0
23959,9035400.0,0.0,0.0,1093548.0
23976,25156840.0,20350.0,0.0,4184254.0
23988,1063121063.0,8400235.0,0.0,192873837.0
23991,63279004.0,0.0,0.0,11390226.0
24014,12219944.0,0.0,0.0,2199590.0
24021,3908532.0,0.0,0.0,703533.0
24058,510158092.0,33412.0,0.0,91642748.0
24092,22295094.0,0.0,0.0,4013118.0
24113,18423666.0,0.0,0.0,3316248.0
24123,1804567068.0,0.0,0.0,340807884.0
24130,14140018.0,0.0,0.0,2395203.0
24146,23188190.0,220218.0,0.0,4213513.0
24148,36714277.0,0.0,0.0,6608572.0
24149,5057700000.0,0.0,0.0,910386000.0
24158,192164655.0,53865.0,0.0,33162055.0
24194,8452026.0,0.0,0.0,1521365.0
24197,24379568.0,0.0,0.0,4388322.0
24202,2562163606.0,8461877.0,0.0,443820081.0
24219,745250591.0,427668.0,0.0,122611839.0
24226,1787659470.0,0.0,0.0,107259566.0
24229,63470.0,0.0,0.0,11424.0
24257,13363569.0,0.0,0.0,2405442.0
24259,6678956.0,0.0,0.0,1202213.0
24272,589956554.0,1922784.0,0.0,103632965.0
24290,32538012.0,0.0,0.0,5856840.0
24307,4582478691.0,13334472.0,0.0,825221489.0
24329,7161440.0,0.0,0.0,1289057.0
24331,4210406541.0,4165719.0,0.0,735673446.0
24358,18654192.0,0.0,0.0,3357756.0
24362,203576663.0,132186.0,0.0,36292237.0
24382,10710680.0,106307.0,0.0,1931581.0
24389,179045424.0,0.0,0.0,32228172.0
24392,24700000.0,0.0,0.0,4446000.0
24395,466712215.0,171287.0,0.0,81419355.0
24399,350048930.0,0.0,0.0,62502359.0
24411,116734725.0,0.0,0.0,21012249.0
24419,72637184.0,0.0,0.0,13074687.0
24428,70914338.0,35000.0,0.0,9350591.0
24431,4745070.0,0.0,0.0,801912.0
24433,2458234025.0,5958108.0,0.0,434732969.0
24443,9587949967.0,0.0,0.0,1119540995.0
24447,29229780.0,0.0,0.0,5261364.0
24454,4619750.0,0.0,0.0,831555.0
24462,46115060.0,16592.0,0.0,8300533.0
24465,1334000.0,0.0,0.0,236220.0
24486,25496904.0,0.0,0.0,4589436.0
24494,9694265000.0,0.0,0.0,1744967700.0
24509,1625404445.0,0.0,0.0,292572783.0
24510,14909622017.0,20817412.0,0.0,2671630523.0
24518,24382200.0,0.0,0.0,4388796.0
24520,17750119.0,0.0,0.0,3195021.0
24523,108493832.0,0.0,0.0,19528886.0
24530,28288785.0,0.0,0.0,5091982.0
24531,81217295.0,0.0,0.0,14619113.0
24547,39088465.0,0.0,0.0,7035924.0
24555,4053600046.0,0.0,0.0,713564700.0
24558,1711284563.0,2979584.0,0.0,289100969.0
24569,4225000.0,0.0,0.0,723000.0
24582,77214018.0,0.0,0.0,13898526.0
24584,19965000.0,0.0,0.0,3593700.0
24597,22687110.0,0.0,0.0,4310546.0
24606,250000.0,0.0,0.0,15000.0
24611,485346098.0,0.0,0.0,29120767.0
24634,1108375795.0,168187.0,0.0,168124704.0
24679,16904052.0,0.0,0.0,3042729.0
24681,48801240.0,0.0,0.0,8784220.0
24693,38951838.0,0.0,0.0,7011332.0
24694,100056398.0,0.0,0.0,8333178.0
24710,50440716.0,0.0,0.0,4232472.0
24714,54510050.0,0.0,0.0,9811809.0
24715,28115520.0,0.0,0.0,5060664.0
24717,17015856.0,0.0,0.0,3062856.0
24728,7042416.0,0.0,0.0,1267596.0
24742,54023704.0,256086.0,0.0,9742816.0
24794,662542140.0,0.0,0.0,119257587.0
24803,81742812.0,0.0,0.0,14713704.0
24806,926788368.0,0.0,0.0,132893332.0
24816,535682344.0,0.0,0.0,96422820.0
24818,62099916.0,1400.0,0.0,7620725.0
24827,20216875.0,0.0,0.0,3639035.0
24874,13280705.0,900.0,0.0,2002349.0
24881,57647808.0,0.0,0.0,10376424.0
24894,27138648.0,0.0,0.0,4884948.0
24895,3723698.0,0.0,0.0,670266.0
24902,175374542.0,1135352.0,0.0,25933455.0
24904,4050000.0,0.0,0.0,567000.0
24907,48949020.0,0.0,0.0,8810820.0
24909,30000.0,0.0,0.0,5400.0
24918,21714648.0,0.0,0.0,3908640.0
24949,1436580760.0,4505947.0,139060.0,258751572.0
24951,101477250.0,0.0,0.0,17510544.0
24960,4426404405.0,3293584.0,0.0,668616869.0
24962,505631973.0,0.0,0.0,91013757.0
24965,330408714.0,1010375.0,0.0,55507799.0
24970,25471872.0,0.0,0.0,0.0
24998,554166727.0,971324.0,0.0,99172803.0
25002,1963787266.0,12503174.0,0.0,355732300.0
25005,148433337.0,0.0,0.0,19306656.0
25006,192651263.0,0.0,0.0,23886485.0
25010,10828308.0,0.0,0.0,1949100.0
25014,1060000.0,0.0,0.0,190800.0
25019,161127608.0,0.0,0.0,29002968.0
25037,188695818.0,0.0,0.0,36242021.0
25050,14838510.0,0.0,0.0,2670930.0
