,FAC_MNTPRI_F,FAC_MFODEC_F,FAC_MNTDCO_F,FAC_MNTTVA_F
16,10710626.0,0.0,0.0,1927912.0
17,4310032251.0,43100323.0,0.0,783563863.0
35,700000.0,0.0,0.0,126000.0
56,320804600.0,3208046.0,0.0,58322274.0
68,13590000.0,0.0,0.0,2446200.0
95,76661334.0,527300.0,0.0,13799040.0
108,1742132403.0,17421325.0,0.0,316719669.0
120,3473176235.0,0.0,0.0,625171738.0
121,5940311932.0,45209190.0,0.0,1077393813.0
138,16535049475.0,0.0,0.0,1984205942.0
149,318027171.0,0.0,0.0,48624081.0
151,2347032018.0,0.0,0.0,422465763.0
178,1334453840.0,0.0,0.0,226879290.0
192,350137862.0,0.0,175068942.0,94537237.0
195,31569575.0,0.0,0.0,5682522.0
202,3258250.0,0.0,0.0,586485.0
203,6612555.0,2781.0,0.0,1190759.0
205,5961234511.0,0.0,0.0,715348142.0
206,170802232.0,0.0,0.0,30744402.0
212,516312612.0,0.0,0.0,92936273.0
218,20589226.0,0.0,0.0,3065128.0
235,78447731.0,0.0,0.0,14120591.0
249,37169975.0,0.0,0.0,0.0
284,613912721.0,0.0,0.0,83787252.0
304,651477366.0,0.0,0.0,106744934.0
324,1747589300.0,11199893.0,0.0,316465052.0
340,21461100.0,214611.0,0.0,3901626.0
350,16547660.0,0.0,0.0,2978578.0
375,651742200.0,0.0,0.0,117313596.0
419,7135000.0,71350.0,0.0,1284300.0
430,129358187.0,0.0,0.0,23284473.0
454,10417507.0,0.0,0.0,1875150.0
464,3981756716.0,0.0,0.0,716716219.0
466,25779000.0,0.0,0.0,4640220.0
489,29655130.0,0.0,0.0,5337923.0
517,161346000.0,0.0,0.0,29042280.0
528,13928549.0,0.0,0.0,2507137.0
529,970507220.0,5718501.0,0.0,175720915.0
545,11515000.0,0.0,0.0,1381800.0
548,6612528154.0,0.0,0.0,1180623253.0
549,510344106.0,0.0,0.0,73287130.0
550,74756825.0,0.0,0.0,12671687.0
565,7143918251.0,0.0,0.0,1285905285.0
581,609319487.0,6093195.0,0.0,66190615.0
604,273078454.0,0.0,0.0,49154121.0
605,243566612.0,0.0,0.0,21627975.0
619,153330428.0,0.0,0.0,27917358.0
623,51200000.0,0.0,0.0,9216000.0
632,553799130.0,1249385.0,1.0,99871349.0
667,436716399.0,4367166.0,0.0,79395040.0
670,299102124.0,0.0,0.0,53838383.0
672,5124750.0,0.0,0.0,922455.0
690,179488854.0,0.0,0.0,32307996.0
719,30820400.0,0.0,0.0,3698448.0
729,323694564.0,0.0,0.0,58265022.0
732,2072656500.0,19642025.0,0.0,376585148.0
738,920539105.0,0.0,0.0,165573738.0
746,3015861162.0,0.0,0.0,573013626.0
767,5320000.0,0.0,0.0,957600.0
774,20337466824.0,0.0,0.0,3618623540.0
802,354573762.0,2605400.0,0.0,64292249.0
806,43754094.0,0.0,0.0,7875732.0
813,66858987.0,0.0,0.0,12034617.0
832,10634509.0,0.0,0.0,1914233.0
839,105651499.0,0.0,0.0,18960403.0
853,354445703.0,0.0,0.0,63800226.0
877,678293320.0,3121814.0,0.0,122056724.0
881,17994000.0,179940.0,0.0,3271309.0
884,111544515.0,0.0,0.0,13394406.0
887,7272164.0,0.0,0.0,1381714.0
912,52370571.0,0.0,0.0,6284405.0
913,1497777109.0,10630353.0,0.0,284877650.0
921,507173814.0,4988398.0,0.0,61043420.0
923,25003510275.0,0.0,0.0,4500631850.0
924,3816638542.0,0.0,0.0,686994938.0
925,31711587249.0,0.0,0.0,5658064764.0
928,1500000.0,0.0,0.0,180000.0
937,45346275848.0,0.0,0.0,8162329635.0
943,25470839685.0,0.0,0.0,4584751144.0
946,2832000.0,0.0,0.0,509760.0
950,1120188929.0,0.0,0.0,201633954.0
953,415149999.0,0.0,0.0,74727001.0
954,757042805.0,7570439.0,0.0,137630382.0
958,53751400.0,0.0,0.0,9675252.0
973,9385245250.0,0.0,164934374.0,1814534132.0
974,1523157853.0,15231579.0,0.0,276910097.0
975,8261261262.0,67769465.0,0.0,1499225468.0
976,275314000.0,1705880.0,0.0,49863578.0
978,388111599.0,0.0,0.0,69860031.0
991,8851261649.0,0.0,0.0,934174193.0
995,591406403.0,0.0,0.0,106436737.0
1007,648349845.0,0.0,0.0,98713152.0
1022,534374320.0,0.0,0.0,96187378.0
1031,70676494.0,0.0,0.0,8481178.0
1032,394080420.0,0.0,0.0,47289650.0
1035,42209300.0,0.0,0.0,7570674.0
1045,27914219.0,0.0,0.0,5024558.0
1108,1670703363.0,0.0,0.0,300726618.0
1123,341409400.0,0.0,0.0,54231922.0
1127,99551293.0,995520.0,0.0,18098430.0
1128,14040515.0,27468.0,0.0,2532237.0
1132,2905782146.0,0.0,0.0,0.0
1179,67305377.0,0.0,0.0,12114968.0
1199,3752100.0,24480.0,0.0,675378.0
1220,534406303.0,0.0,0.0,70378759.0
1233,3740000.0,37400.0,0.0,679932.0
1241,6079213030.0,0.0,0.0,1094258360.0
1282,2386382577.0,0.0,0.0,429548865.0
1283,104983500.0,0.0,0.0,18897030.0
1284,4368543052.0,0.0,0.0,786337747.0
1296,227894348.0,0.0,0.0,41020969.0
1316,524604956.0,5246047.0,0.0,95373185.0
1348,1070225126.0,0.0,0.0,192640526.0
1356,88468195.0,740730.0,0.0,14478077.0
1376,59286983.0,0.0,0.0,10671652.0
1383,24485169350.0,0.0,0.0,4398766624.0
1391,537268824.0,0.0,0.0,96708504.0
1403,94030925.0,0.0,0.0,11283712.0
1412,4518258070.0,0.0,0.0,813340451.0
1418,1311200.0,13112.0,0.0,237281.0
1443,25387000.0,0.0,0.0,4571280.0
1447,3047455.0,0.0,0.0,548541.0
1464,565689952.0,0.0,0.0,0.0
1502,1529953531.0,15299544.0,0.0,278145579.0
1515,2253650228.0,0.0,0.0,135219017.0
1525,19924272.0,189525.0,0.0,3620484.0
1532,19835553.0,0.0,0.0,2380267.0
1534,12503200.0,125031.0,0.0,2273060.0
1538,368888476.0,0.0,0.0,66399925.0
1549,6390000.0,0.0,0.0,1150200.0
1588,9947085466.0,0.0,0.0,1790475248.0
1623,2430394186.0,19682107.0,0.0,441013728.0
1646,136957581.0,0.0,0.0,24652365.0
1650,4548981.0,0.0,0.0,545877.0
1655,128462480.0,1284637.0,0.0,23192384.0
1656,11430780675.0,0.0,0.0,2057540524.0
1675,1593880121.0,15938801.0,0.0,289767405.0
1704,62145675.0,0.0,0.0,11185919.0
1737,846447273.0,0.0,0.0,152360512.0
1751,410768164.0,0.0,0.0,50322611.0
1791,13278000.0,0.0,0.0,2538540.0
1800,1099028902.0,0.0,0.0,136862867.0
1815,7504348.0,0.0,0.0,1350782.0
1838,17179560.0,0.0,0.0,3092321.0
1848,951456615.0,0.0,0.0,171262191.0
1864,45958000.0,0.0,0.0,8272440.0
1868,70087102.0,0.0,0.0,12615659.0
1877,2149004189.0,21490039.0,0.0,390688961.0
1917,1051697553.0,10521013.0,0.0,190337960.0
1932,385282689.0,0.0,0.0,0.0
1934,331589726.0,0.0,0.0,57075713.0
1947,8548300.0,0.0,0.0,1538694.0
1953,628746729.0,0.0,0.0,113174415.0
1967,94979496.0,0.0,0.0,15654142.0
1975,2415512849.0,0.0,0.0,392804501.0
1984,109729278.0,0.0,0.0,20814197.0
1990,38732232.0,0.0,0.0,4647867.0
1999,882020047.0,0.0,0.0,158763614.0
2016,37572199.0,0.0,0.0,6557735.0
2021,24239739.0,0.0,0.0,4363153.0
2041,8208495.0,46484.0,0.0,1491258.0
2043,15423280721.0,0.0,0.0,2776190521.0
2063,1656373940.0,16563740.0,0.0,301128779.0
2071,235646248.0,0.0,0.0,42416303.0
2082,9474000.0,0.0,0.0,1705320.0
2126,5728500.0,0.0,0.0,1031130.0
2137,9425064549.0,0.0,0.0,1375483955.0
2138,3394000.0,0.0,0.0,610920.0
2155,164265000.0,0.0,0.0,29567700.0
2168,17666000.0,0.0,0.0,3325680.0
2176,102431565.0,0.0,0.0,18437682.0
2202,25720000.0,257200.0,0.0,4675896.0
2215,8329538089.0,0.0,0.0,1499316857.0
2219,15298412.0,0.0,101210.0,2652506.0
2228,18124600.0,0.0,0.0,2174952.0
2241,63437120.0,0.0,0.0,11315020.0
2260,2911848765.0,0.0,0.0,524132794.0
2277,26991300.0,269913.0,0.0,4858434.0
2278,2597866145.0,0.0,0.0,155871968.0
2282,84761792.0,0.0,0.0,15280980.0
2287,308000000.0,0.0,0.0,18480000.0
2293,80163761.0,0.0,0.0,14429476.0
2316,743944417.0,0.0,0.0,50592999.0
2340,86064387.0,0.0,0.0,15491592.0
2341,28693414.0,0.0,0.0,5164815.0
2351,1745609028.0,0.0,0.0,314209568.0
2356,1144001993.0,0.0,0.0,68651297.0
2359,4283552151.0,41087928.0,0.0,777299054.0
2362,2038765899.0,0.0,0.0,384376484.0
2366,1280832217.0,0.0,0.0,230549801.0
2371,1586158.0,0.0,0.0,190339.0
2394,14148668106.0,0.0,0.0,2546760264.0
2400,322203200.0,0.0,0.0,57996562.0
2414,5772435831.0,0.0,0.0,1039038448.0
2446,1261123629.0,12611207.0,0.0,229272273.0
2477,4300000.0,0.0,0.0,774000.0
2482,1865563875.0,0.0,0.0,335801498.0
2485,162410218.0,0.0,0.0,28679842.0
2489,717458139.0,7174592.0,0.0,130433897.0
2505,3482459545.0,0.0,0.0,626842719.0
2507,1429529002.0,5757216.0,0.0,259479770.0
2520,4052000.0,0.0,0.0,729360.0
2521,346755097.0,0.0,0.0,62415917.0
2529,4376758115.0,0.0,0.0,675472578.0
2535,206108860.0,0.0,0.0,37099594.0
2536,313828720.0,0.0,0.0,56489168.0
2538,995800925.0,0.0,0.0,179244168.0
2549,1148250725.0,11482510.0,0.0,208751963.0
2554,1173801020.0,0.0,0.0,211284183.0
2588,2243196367.0,0.0,0.0,291803279.0
2626,126464410.0,0.0,0.0,22763594.0
2676,324536944.0,0.0,0.0,58265410.0
2679,920769151.0,0.0,0.0,128063588.0
2705,5300000.0,0.0,0.0,954000.0
2744,137114372.0,0.0,0.0,16453723.0
2749,26513460.0,0.0,0.0,4772432.0
2767,467484179.0,0.0,0.0,0.0
2805,57961619.0,0.0,0.0,0.0
2818,435808950.0,0.0,0.0,78445610.0
2839,8565606881.0,0.0,0.0,1541809266.0
2890,42147100.0,0.0,0.0,7100046.0
2902,877169749.0,0.0,0.0,103707545.0
2911,524036120.0,0.0,0.0,62884334.0
2945,59431521.0,0.0,0.0,10626223.0
2955,2446278.0,0.0,0.0,440330.0
2964,135090808.0,0.0,0.0,0.0
2969,205355000.0,0.0,0.0,36963900.0
2983,101522832.0,1015228.0,0.0,18456850.0
2986,6593210.0,23300.0,0.0,1190971.0
2991,1645790000.0,0.0,0.0,296242200.0
2992,36050000.0,360500.0,0.0,6553890.0
2994,26986890.0,0.0,0.0,4857640.0
3002,96015000.0,0.0,0.0,17282700.0
3003,408677558.0,4086772.0,0.0,74297583.0
3004,475000.0,0.0,0.0,85500.0
3024,12150226.0,0.0,0.0,1458027.0
3026,30254186.0,11000.0,0.0,5498857.0
3032,13691195193.0,136911946.0,0.0,2467031280.0
3049,25804306.0,0.0,0.0,4611776.0
3052,2647092.0,0.0,0.0,476476.0
3063,16607770.0,0.0,0.0,2989399.0
3081,690686204.0,6906863.0,1000.0,131000404.0
3109,87415001554.0,0.0,0.0,15419294431.0
3111,1240851878.0,12408521.0,0.0,225586869.0
3122,94035831.0,30778.0,0.0,16931070.0
3141,619776765519.0,0.0,0.0,95726056043.0
3143,5964700.0,0.0,0.0,1073646.0
3155,14382870.0,0.0,0.0,2588915.0
3174,621992350.0,0.0,0.0,111958623.0
3193,288473580.0,0.0,0.0,51925243.0
3215,35343684.0,353437.0,0.0,6425481.0
3225,2200222.0,0.0,0.0,133209.0
3231,2836567998.0,0.0,0.0,510582236.0
3233,1412251964.0,0.0,0.0,254205274.0
3234,43822914308.0,0.0,0.0,7888124493.0
3236,80704884.0,0.0,0.0,14526952.0
3241,1821776.0,0.0,0.0,327920.0
3247,107379593.0,0.0,0.0,19328324.0
3251,1082837007.0,0.0,0.0,194910660.0
3263,175492085.0,0.0,0.0,30201405.0
3268,9424824.0,0.0,0.0,1696474.0
3277,258011600.0,0.0,0.0,46442088.0
3291,4442729.0,0.0,0.0,533127.0
3292,1006023845.0,0.0,18000.0,181087531.0
3299,10195299600.0,0.0,0.0,1835153928.0
3305,103568000.0,1035680.0,0.0,18828662.0
3306,92000000.0,0.0,0.0,16560000.0
3330,32120100.0,0.0,0.0,3854412.0
3336,44196429.0,0.0,0.0,7955357.0
3342,892000.0,7080.0,0.0,161834.0
3343,465518442.0,0.0,0.0,57127169.0
3350,28369877376.0,0.0,0.0,5104169731.0
3360,62715167.0,627151.0,11288730.0,0.0
3361,2239575098.0,17390460.0,0.0,406253807.0
3368,465835725.0,4658357.0,0.0,84688938.0
3380,2461272243.0,0.0,0.0,443029011.0
3384,123672750.0,0.0,0.0,22111786.0
3404,746245848.0,7462469.0,0.0,135667500.0
3405,210848340.0,0.0,0.0,37952696.0
3426,9394500.0,0.0,0.0,1691010.0
3430,1170270032.0,0.0,0.0,219786642.0
3480,1795511805.0,0.0,0.0,323192127.0
3517,4747700.0,0.0,0.0,854586.0
3524,22070000.0,0.0,0.0,4012326.0
3528,4429655.0,44297.0,0.0,805311.0
3545,3658835503.0,0.0,0.0,658590398.0
3558,306849341.0,0.0,0.0,55232882.0
3592,26168440.0,0.0,0.0,4529319.0
3599,885156225.0,0.0,0.0,159328121.0
3615,919265298.0,9192653.0,0.0,166989587.0
3621,1185000.0,0.0,0.0,213300.0
3631,1593949976.0,0.0,0.0,300761594.0
3648,15750000.0,0.0,0.0,2992500.0
3683,13831743.0,0.0,0.0,0.0
3684,746996361.0,204247.0,0.0,134496097.0
3706,10855650.0,0.0,0.0,1302678.0
3708,28391293.0,0.0,0.0,5110430.0
3716,3835328319.0,0.0,0.0,690359151.0
3724,1933656150.0,0.0,0.0,348058508.0
3775,370633195.0,0.0,0.0,66712175.0
3780,25045386.0,0.0,0.0,3005446.0
3787,14326220.0,143260.0,0.0,868168.0
3801,735009171.0,0.0,0.0,0.0
3806,364102803.0,0.0,0.0,58664633.0
3810,326289202.0,0.0,0.0,58732214.0
3827,23588000.0,0.0,0.0,4245840.0
3838,640939944.0,6409409.0,0.0,116522886.0
3846,17176000.0,0.0,0.0,2061120.0
3851,40600000.0,0.0,0.0,7308000.0
3860,1062197500.0,0.0,0.0,190454950.0
3882,24430526.0,244305.0,0.0,4441469.0
3891,336281775.0,3151519.0,0.0,61097992.0
3900,937348587.0,0.0,0.0,114316747.0
3901,32161286.0,0.0,0.0,5789031.0
3906,95002788.0,645125.0,0.0,17216626.0
3914,91235025.0,0.0,0.0,14777705.0
3915,8232759635.0,0.0,0.0,1481896738.0
3924,90682556.0,0.0,0.0,10893907.0
3944,4791183837.0,0.0,0.0,862413091.0
3951,1400000.0,0.0,0.0,168000.0
3964,40292099.0,0.0,1995604.0,7611788.0
3969,8771547473.0,0.0,0.0,1052585696.0
3975,661301996.0,0.0,0.0,119034361.0
3981,124664699.0,0.0,0.0,23686253.0
3986,150762046.0,0.0,0.0,27075251.0
3991,22046266.0,0.0,0.0,3304513.0
3994,3865362702.0,0.0,0.0,465853826.0
4021,17454351975.0,0.0,0.0,3141783355.0
4038,33518668.0,0.0,0.0,6033360.0
4043,12307327.0,96223.0,0.0,2215318.0
4057,185117082.0,0.0,0.0,33321088.0
4083,6965000.0,0.0,0.0,835800.0
4092,190970528.0,0.0,0.0,22916461.0
4107,873208500.0,0.0,0.0,104785020.0
4109,18650000.0,0.0,0.0,2238000.0
4112,2076000.0,0.0,0.0,124200.0
4114,1719452164.0,0.0,0.0,206334254.0
4155,256066683.0,0.0,0.0,46092004.0
4156,9900000.0,0.0,0.0,1782000.0
4158,2182728385.0,0.0,0.0,390811791.0
4182,30522500.0,0.0,0.0,5494050.0
4190,19500000.0,0.0,0.0,3510000.0
4207,906716749.0,0.0,0.0,54403005.0
4208,103428000.0,0.0,0.0,18617040.0
4213,23114385.0,0.0,0.0,4160594.0
4229,109473299.0,1094731.0,0.0,19902243.0
4238,2057958341.0,0.0,0.0,370432513.0
4244,4835000.0,0.0,0.0,580200.0
4260,20942160.0,0.0,0.0,2513059.0
4278,25218750.0,252188.0,0.0,1528256.0
4296,908826871.0,0.0,0.0,163588836.0
4315,176875000.0,0.0,0.0,21225000.0
4338,3200000.0,0.0,0.0,576000.0
4371,1493388400.0,0.0,0.0,268809912.0
4392,136020000.0,0.0,0.0,24483600.0
4419,11766000.0,0.0,0.0,2117880.0
4424,279810000.0,0.0,0.0,50365800.0
4429,154184900.0,1541849.0,0.0,28030741.0
4431,7915848431.0,0.0,0.0,909945161.0
4452,143139750.0,0.0,0.0,25765154.0
4458,658124758.0,0.0,0.0,118262456.0
4468,447126679.0,3951343.0,0.0,81194048.0
4481,3170000.0,0.0,0.0,570600.0
4482,3702667.0,0.0,0.0,666480.0
4506,479551761.0,0.0,0.0,86140623.0
4537,200979666.0,0.0,0.0,36176426.0
4563,28235296.0,0.0,0.0,5082353.0
4572,965047542.0,0.0,0.0,57902853.0
4596,24531078561.0,0.0,0.0,4415594280.0
4599,359997242.0,41593.0,0.0,64799501.0
4604,18551520.0,185515.0,0.0,3372666.0
4632,23583047801.0,0.0,0.0,4244948604.0
4633,317889346.0,0.0,0.0,43926756.0
4641,7608095606.0,0.0,0.0,777181487.0
4646,2000001616.0,20000016.0,0.0,363600296.0
4665,1061019387.0,0.0,0.0,190983482.0
4679,501469403.0,5014686.0,0.0,91167135.0
4682,1949429059.0,0.0,0.0,116965736.0
4689,3022200.0,0.0,0.0,543996.0
4694,9314029943.0,0.0,0.0,1674624727.0
4739,1900000.0,0.0,0.0,342000.0
4751,1322964840.0,0.0,0.0,93940936.0
4761,1200000.0,0.0,0.0,144000.0
4809,653171726.0,0.0,0.0,117570911.0
4842,28403248459.0,0.0,0.0,5112306820.0
4849,1963096885.0,5015308.0,0.0,150877664.0
4855,283589014.0,2835891.0,0.0,51556483.0
4862,8700000.0,0.0,0.0,1044000.0
4899,131391998303.0,0.0,0.0,16832552621.0
4917,11169767.0,0.0,0.0,2010558.0
4918,19337435.0,0.0,0.0,3480738.0
4936,40000000.0,0.0,0.0,4800000.0
4952,154918443.0,0.0,0.0,18590212.0
4970,81299150.0,0.0,0.0,14633848.0
4975,57348100.0,0.0,0.0,10061658.0
4988,2700677.0,0.0,0.0,486124.0
4993,14333876.0,0.0,0.0,2580098.0
4996,305982295.0,0.0,152991161.0,82615236.0
5029,70470000.0,0.0,0.0,12684600.0
5034,29794573.0,0.0,0.0,5363023.0
5037,904098990.0,0.0,0.0,155156853.0
5054,2122890.0,0.0,0.0,382120.0
5059,107980768.0,0.0,0.0,19436538.0
5080,355503010.0,0.0,0.0,63990542.0
5084,545339836.0,0.0,0.0,98161172.0
5095,2435979487.0,15168777.0,0.0,442861133.0
5097,50210910.0,502109.0,0.0,9128344.0
5107,6053060500.0,0.0,0.0,1089550890.0
5124,7450500.0,0.0,0.0,1341090.0
5158,7000000.0,0.0,0.0,840000.0
5159,11200000.0,0.0,0.0,1344000.0
5161,2868057536.0,28680603.0,0.0,521412902.0
5162,201666862.0,0.0,2016670.0,38699867.0
5174,2161643967.0,0.0,0.0,129698638.0
5176,14237154.0,0.0,0.0,2562688.0
5197,789000393.0,7890002.0,0.0,143440265.0
5199,97263513.0,0.0,0.0,16980639.0
5204,465382600.0,0.0,0.0,83768868.0
5232,753770233.0,0.0,0.0,135678641.0
5240,3150400.0,0.0,0.0,567000.0
5248,277134100.0,2771335.0,0.0,50382954.0
5262,26696152.0,0.0,0.0,3289528.0
5288,164708902.0,0.0,0.0,19765068.0
5306,15315585.0,0.0,0.0,2756804.0
5327,194808905.0,0.0,0.0,35065599.0
5333,18198141995.0,0.0,0.0,3275570412.0
5338,304540800.0,0.0,0.0,54817320.0
5360,110259010.0,1102600.0,0.0,20045179.0
5361,143974700.0,1439747.0,0.0,26174601.0
5399,260280632.0,2602807.0,0.0,47319019.0
5402,20109000.0,89485.0,0.0,2966097.0
5407,136297900.0,0.0,0.0,24533622.0
5428,40820000.0,0.0,0.0,4898400.0
5438,4654081.0,0.0,0.0,884160.0
5461,36800000.0,0.0,0.0,6624000.0
5462,232500.0,2325.0,0.0,42269.0
5486,412470950.0,0.0,0.0,74244760.0
5514,70507960.0,0.0,0.0,2327598.0
5520,39890000.0,0.0,0.0,7180200.0
5531,237316600.0,0.0,0.0,27943992.0
5541,58695372.0,587126.0,0.0,10601136.0
5557,2652412832.0,0.0,0.0,102755862.0
5560,603514804.0,0.0,0.0,108632645.0
5576,4842962.0,0.0,0.0,871734.0
5610,229552319.0,2295522.0,0.0,41732610.0
5628,6592422.0,0.0,0.0,1186641.0
5633,66455600.0,0.0,0.0,11962008.0
5663,22567610.0,0.0,0.0,4062167.0
5681,8003151.0,0.0,0.0,1440568.0
5698,408387038.0,0.0,0.0,73413221.0
5710,1078880.0,0.0,0.0,194198.0
5723,67955000.0,0.0,0.0,13155300.0
5726,3960000.0,39600.0,0.0,719928.0
5728,1997262376000.0,0.0,0.0,356309647.0
5730,291800000.0,0.0,0.0,35016000.0
5745,36650000.0,0.0,0.0,4398000.0
5762,1715179751.0,0.0,0.0,308744427.0
5767,2489075221.0,0.0,0.0,449033539.0
5771,160884064.0,0.0,0.0,28872278.0
5773,307203750.0,0.0,0.0,55296675.0
5778,667384278.0,0.0,0.0,94708316.0
5785,3353163380.0,0.0,0.0,402127610.0
5791,1271162188.0,0.0,0.0,228809194.0
5798,102497300.0,0.0,0.0,11819673.0
5801,172889889.0,728893.0,0.0,13253286.0
5806,2953783190.0,29537831.0,0.0,536997176.0
5816,484809078.0,0.0,0.0,87438000.0
5840,237761090.0,2377613.0,0.0,43224966.0
5841,97347806.0,0.0,0.0,17522605.0
5851,50923327.0,0.0,0.0,9166199.0
5859,331511471.0,0.0,0.0,59672066.0
5877,478042527.0,0.0,0.0,57364891.0
5881,592300207.0,0.0,0.0,72192720.0
5888,220160520.0,0.0,0.0,36953454.0
5920,2776434.0,27764.0,0.0,504755.0
5922,580212355.0,0.0,0.0,104438224.0
5929,70311735.0,703117.0,0.0,12782674.0
5942,83905564.0,0.0,0.0,0.0
5956,26623680.0,0.0,0.0,4873430.0
5992,3446913873.0,0.0,0.0,620444503.0
6000,1538807.0,0.0,0.0,276985.0
6009,729170282.0,4568867.0,0.0,132073041.0
6035,2500000.0,0.0,0.0,450000.0
6067,7296976063.0,0.0,0.0,1313455696.0
6070,31568811.0,0.0,0.0,3788257.0
6081,2927868600.0,0.0,0.0,523357518.0
6088,46105002.0,0.0,0.0,8158702.0
6105,33719408.0,0.0,0.0,6069492.0
6111,193141129.0,0.0,0.0,34765404.0
6119,20020050.0,0.0,0.0,3603609.0
6123,113822500.0,0.0,0.0,20488050.0
6128,71700.0,0.0,0.0,12906.0
6145,144935760.0,0.0,0.0,26088436.0
6148,72699777.0,0.0,0.0,9705249.0
6167,16963930.0,0.0,0.0,3060662.0
6174,2270309009.0,114124.0,0.0,408676163.0
6181,1452528797.0,0.0,0.0,261455059.0
6205,231822610.0,0.0,0.0,41728070.0
6212,4531328154.0,45313282.0,0.0,823795459.0
6224,584274626.0,0.0,0.0,102082541.0
6240,361406413.0,0.0,0.0,63810674.0
6248,7315789.0,0.0,0.0,877895.0
6284,44120800.0,0.0,0.0,7888944.0
6287,150174519.0,0.0,0.0,25646948.0
6299,1585644922.0,15856447.0,0.0,288269592.0
6303,389411621.0,0.0,0.0,69472567.0
6305,2968443276.0,0.0,0.0,357873837.0
6348,433042726.0,0.0,0.0,77909887.0
6381,1871441386.0,0.0,0.0,112286492.0
6383,130192611.0,1301924.0,0.0,23434667.0
6385,25077797.0,0.0,0.0,4514003.0
6401,139064772.0,0.0,0.0,21190549.0
6405,366667400.0,0.0,0.0,66000132.0
6411,345013295.0,0.0,0.0,62102511.0
6432,3635777117.0,0.0,0.0,654439881.0
6443,279544422.0,0.0,0.0,50317990.0
6456,188756250.0,0.0,0.0,33976127.0
6475,418351448.0,0.0,0.0,75303260.0
6480,1904592581.0,0.0,0.0,298086646.0
6481,4350000.0,0.0,0.0,522000.0
6489,250488.0,0.0,0.0,45088.0
6495,354200.0,0.0,0.0,63756.0
6501,1825894685.0,0.0,0.0,328509290.0
6502,59203315.0,9750.0,0.0,10187713.0
6507,13289359029.0,0.0,0.0,0.0
6534,801606368.0,0.0,0.0,144289146.0
6556,2078345700.0,0.0,0.0,247206672.0
6582,23976053003.0,0.0,0.0,4315689539.0
6611,154349578.0,0.0,0.0,27782888.0
6645,4769440.0,0.0,0.0,858499.0
6684,1299850541.0,0.0,0.0,233973087.0
6701,14773715.0,0.0,0.0,2659266.0
6703,957231857.0,0.0,0.0,172301736.0
6715,13225000.0,0.0,0.0,238050.0
6728,501745613.0,0.0,0.0,90287690.0
6740,254596500.0,0.0,0.0,19172280.0
6745,629774311.0,6297753.0,0.0,114492966.0
6765,92314109.0,923141.0,0.0,16782704.0
6781,1200000.0,0.0,0.0,216000.0
6785,927288.0,0.0,0.0,166912.0
6788,330464.0,0.0,0.0,59484.0
6795,287872039.0,0.0,0.0,51647958.0
6799,443962838.0,0.0,0.0,53275541.0
6810,527790700.0,5277906.0,0.0,95952347.0
6829,28168044.0,0.0,0.0,5070242.0
6834,7909639150.0,0.0,0.0,1098517548.0
6835,348896152.0,0.0,0.0,62801308.0
6838,921110121.0,0.0,0.0,165139820.0
6840,765504726.0,0.0,0.0,137790855.0
6845,848305.0,0.0,0.0,152695.0
6858,3105079205.0,31050791.0,0.0,564503380.0
6869,351642400.0,0.0,0.0,63295632.0
6870,10456000.0,0.0,0.0,1882080.0
6873,44645000.0,0.0,0.0,5357400.0
6884,1311932555.0,0.0,0.0,236147857.0
6923,305014525.0,0.0,0.0,54902615.0
6928,25302000.0,0.0,0.0,3036240.0
6946,4254091350.0,0.0,0.0,765736364.0
6952,56725430.0,0.0,0.0,10210755.0
6955,10830931982.0,0.0,0.0,1317541260.0
6965,13513156.0,0.0,0.0,2432368.0
6982,20030327075.0,0.0,0.0,3605459140.0
7000,272113665.0,0.0,0.0,37475456.0
7007,3749920.0,37499.0,0.0,681735.0
7026,265422612.0,2654226.0,0.0,48253832.0
7037,26512770.0,99771.0,0.0,4790257.0
7046,62189416883.0,0.0,0.0,11194095041.0
7074,28303439.0,0.0,0.0,5094619.0
7093,2082596886.0,0.0,0.0,124955824.0
7098,520648415.0,5153686.0,0.0,94644377.0
7105,34260393.0,0.0,0.0,6166867.0
7113,18973208.0,0.0,0.0,3415143.0
7131,33258000.0,0.0,0.0,5986440.0
7143,1841237650.0,0.0,0.0,157980426.0
7154,191751600.0,0.0,0.0,11505096.0
7164,14724250.0,147242.0,0.0,2676870.0
7169,4474400.0,0.0,0.0,805392.0
7175,11808109.0,0.0,0.0,2116367.0
7180,144754728.0,0.0,0.0,17370567.0
7181,1296412228.0,0.0,0.0,233354206.0
7190,1744714539.0,0.0,0.0,314048617.0
7191,3780528.0,0.0,0.0,680495.0
7205,92455000.0,0.0,0.0,16641400.0
7213,130182885.0,1301837.0,0.0,23468933.0
7214,2996447989.0,17126196.0,0.0,539360631.0
7221,49706285.0,0.0,0.0,5964749.0
7256,1511000.0,0.0,0.0,271980.0
7257,348098937.0,22032.0,0.0,62661773.0
7284,74201579.0,0.0,0.0,13356284.0
7288,1137049907.0,0.0,0.0,204149453.0
7301,547053536.0,0.0,0.0,74841732.0
7330,73955000.0,0.0,0.0,8874600.0
7341,149947500.0,0.0,0.0,26990550.0
7400,39960000.0,0.0,0.0,4795200.0
7402,53343263.0,0.0,0.0,6401190.0
7407,2448137974.0,0.0,0.0,440682772.0
7409,459086703.0,0.0,0.0,82635450.0
7410,1296165.0,0.0,0.0,233309.0
7421,102899440.0,0.0,0.0,18521899.0
7429,72068800.0,587400.0,0.0,8141400.0
7443,264200000.0,0.0,0.0,22308000.0
7473,1007159250.0,0.0,0.0,181288665.0
7478,90996500.0,909980.0,0.0,16543160.0
7488,32047529.0,0.0,0.0,5768555.0
7499,5095357.0,0.0,0.0,917164.0
7519,62464929.0,0.0,0.0,11243685.0
7532,238435339.0,0.0,0.0,42918361.0
7546,22629120562.0,0.0,0.0,4073078092.0
7550,167143114.0,0.0,0.0,31501608.0
7570,269320800.0,0.0,0.0,32318496.0
7583,21310724509.0,0.0,0.0,3835930406.0
7588,8595860988.0,0.0,0.0,1547254979.0
7594,23837050.0,0.0,0.0,4290669.0
7622,588188649.0,0.0,0.0,105627487.0
7624,419756400.0,0.0,0.0,75556152.0
7626,49957500.0,424575.0,0.0,8992350.0
7639,19809130.0,0.0,0.0,3565552.0
7655,2077200.0,0.0,0.0,373896.0
7667,17635216845.0,0.0,0.0,3174339068.0
7670,1303534800.0,0.0,0.0,234636283.0
7674,33467022.0,0.0,0.0,6024065.0
7680,8752342522.0,0.0,0.0,1575421658.0
7686,6690534.0,0.0,0.0,1204296.0
7692,76836438.0,0.0,0.0,13830559.0
7695,52975700.0,0.0,0.0,9535626.0
7699,574112176.0,0.0,0.0,0.0
7715,3971966.0,0.0,0.0,714954.0
7718,92136572.0,0.0,0.0,11056387.0
7732,3323358369.0,9173598.0,0.0,598204320.0
7744,12358693.0,0.0,0.0,2224564.0
7752,12081396583.0,0.0,0.0,2174651354.0
7757,777529802.0,0.0,0.0,139955362.0
7764,202389330.0,0.0,0.0,24286719.0
7770,78892232.0,788921.0,0.0,14342607.0
7838,83570949.0,0.0,0.0,15042770.0
7855,27865800.0,0.0,0.0,3343896.0
7875,73139049.0,0.0,0.0,0.0
7878,65366291.0,0.0,0.0,11647759.0
7879,3369893.0,0.0,0.0,0.0
7887,7642353236.0,76423548.0,0.0,1385887418.0
7904,135000000.0,0.0,0.0,16200000.0
7905,2149525929.0,0.0,0.0,127551010.0
7907,200274680.0,2002745.0,0.0,36409930.0
7919,3388858454.0,0.0,0.0,203331504.0
7928,187425.0,0.0,0.0,33737.0
7947,1019524253.0,0.0,0.0,183508065.0
7949,3986630773.0,0.0,0.0,239197849.0
7960,1204568654.0,0.0,0.0,216822078.0
7962,1079691660.0,10796916.0,0.0,196287944.0
7977,535681224.0,0.0,0.0,86816660.0
7982,65150265.0,0.0,0.0,11727048.0
7988,125935960.0,0.0,0.0,22668469.0
7989,245550449.0,0.0,0.0,44199082.0
7992,89286.0,0.0,0.0,10714.0
7993,13492000.0,0.0,0.0,2428560.0
8000,33665972.0,336660.0,0.0,6120473.0
8004,1570426.0,0.0,0.0,282676.0
8023,369921216.0,0.0,0.0,0.0
8026,80782500.0,0.0,0.0,14540850.0
8028,2174010418.0,0.0,0.0,391321881.0
8030,112354465.0,0.0,0.0,20223785.0
8051,627006900.0,0.0,0.0,62377464.0
8059,199802203.0,0.0,0.0,35964395.0
8067,630178145.0,0.0,0.0,75621378.0
8088,216887049.0,0.0,0.0,26026445.0
8115,85486448.0,0.0,0.0,15387560.0
8124,47692800.0,432912.0,0.0,8662628.0
8128,108285762.0,0.0,0.0,12994288.0
8134,8905000.0,0.0,0.0,534300.0
8148,2567725823.0,0.0,0.0,154063560.0
8164,116058930.0,1155185.0,0.0,20890605.0
8166,11028823898.0,110288239.0,0.0,2005040178.0
8187,432794754.0,4423641.0,0.0,78586393.0
8211,3249653061.0,0.0,0.0,194979183.0
8212,1074433731.0,10744337.0,0.0,191049071.0
8221,7567099918.0,0.0,0.0,1362077982.0
8223,214504202.0,0.0,0.0,38610757.0
8227,15263232.0,0.0,0.0,2747381.0
8247,13870800.0,0.0,0.0,2496744.0
8250,96864000.0,0.0,0.0,11623680.0
8255,96664220.0,0.0,0.0,17399559.0
8258,174683802.0,0.0,0.0,31443078.0
8271,28755000.0,0.0,0.0,5463450.0
8294,2074514.0,0.0,0.0,373413.0
8300,15777800.0,0.0,0.0,2840004.0
8302,1498089210.0,0.0,0.0,269656058.0
8313,258271000.0,2582710.0,0.0,46903219.0
8319,188027395.0,0.0,0.0,21163895.0
8321,66147000.0,0.0,0.0,10346160.0
8328,2401566927.0,0.0,0.0,168109319.0
8331,29700000.0,0.0,0.0,3564000.0
8377,925265261.0,0.0,0.0,166547747.0
8380,393467800.0,0.0,0.0,70824203.0
8403,53935970.0,0.0,0.0,0.0
8407,297497760.0,0.0,0.0,38591128.0
8419,260366609.0,1982860.0,0.0,47226290.0
8437,52860000.0,0.0,0.0,3171600.0
8448,9473634.0,0.0,0.0,1136836.0
8449,19448300.0,0.0,0.0,3500694.0
8450,131459302.0,0.0,0.0,23662673.0
8455,296026776.0,0.0,0.0,53284820.0
8483,5719822.0,0.0,0.0,1029568.0
8484,85693225.0,856931.0,0.0,15579031.0
8499,49050000.0,490500.0,0.0,8829000.0
8501,11726100.0,0.0,0.0,2110699.0
8530,70197632.0,0.0,0.0,12635576.0
8533,191838845.0,0.0,0.0,34530992.0
8541,84645413.0,0.0,0.0,7578362.0
8545,6500000.0,0.0,0.0,1170000.0
8550,96392938.0,0.0,0.0,11567151.0
8572,259440943.0,0.0,0.0,32652776.0
8592,260593132826.0,0.0,0.0,46906763895.0
8609,26990000.0,0.0,0.0,4858200.0
8612,355483505.0,3554831.0,0.0,64626899.0
8614,858373092.0,0.0,0.0,154517144.0
8621,18728953.0,0.0,0.0,1123735.0
8627,249700000.0,1250400.0,0.0,45171072.0
8658,155067536.0,0.0,0.0,27912156.0
8662,16376409.0,0.0,0.0,2947753.0
8663,320019200.0,0.0,0.0,57603456.0
8670,225676868.0,0.0,0.0,27081208.0
8676,3329708457.0,0.0,0.0,599347525.0
8700,427299781.0,0.0,0.0,76913961.0
8708,509672230.0,0.0,0.0,91741002.0
8717,21871721460.0,0.0,0.0,3936909937.0
8726,986918206.0,0.0,0.0,177645277.0
8741,114307623.0,1143077.0,0.0,20781126.0
8747,79214000.0,0.0,0.0,14258520.0
8765,296676033.0,0.0,0.0,46901196.0
8786,7868000.0,0.0,0.0,1416240.0
8815,3148091382000.0,0.0,0.0,427633543.0
8830,13676530.0,0.0,0.0,2461775.0
8855,314421.0,0.0,0.0,56596.0
8866,3827430.0,0.0,0.0,688937.0
8875,20517600.0,0.0,0.0,2359872.0
8880,411022197.0,4110219.0,0.0,74723831.0
8908,13969155.0,0.0,0.0,2514447.0
8909,184110071.0,0.0,0.0,17388172.0
8910,5358538.0,0.0,0.0,643025.0
8929,8066800.0,0.0,0.0,1452024.0
8941,7124448.0,0.0,0.0,1282401.0
8948,57969230.0,0.0,0.0,10434462.0
8964,258883762.0,0.0,0.0,46599076.0
8973,16416545.0,0.0,0.0,2954978.0
8975,2280892084.0,0.0,0.0,480600939.0
8996,182890000.0,0.0,0.0,32920200.0
9000,575572859.0,0.0,0.0,70483112.0
9019,4071395.0,0.0,0.0,192851.0
9025,268804812.0,0.0,0.0,48384864.0
9045,1894033.0,0.0,0.0,340926.0
9058,1150848.0,0.0,0.0,207153.0
9077,700000.0,0.0,0.0,126000.0
9083,79294982.0,0.0,0.0,14111536.0
9108,1976000.0,0.0,0.0,355680.0
9132,1093891400.0,0.0,0.0,196900454.0
9144,28970084.0,0.0,0.0,5214615.0
9166,2745623388.0,0.0,0.0,190201524.0
9176,3842018.0,0.0,0.0,691553.0
9181,187705400.0,0.0,0.0,33786972.0
9201,753119860.0,0.0,0.0,74582445.0
9202,322408294.0,0.0,0.0,57198237.0
9206,2231931521.0,0.0,0.0,253971275.0
9229,762649720.0,7626497.0,0.0,137916570.0
9231,421363891.0,0.0,0.0,75909811.0
9239,92422840.0,0.0,0.0,16536305.0
9242,14965941.0,0.0,0.0,2677070.0
9247,17226840.0,0.0,0.0,2067221.0
9249,53839472.0,0.0,0.0,0.0
9263,439474177.0,0.0,0.0,79105352.0
9265,13536368.0,135364.0,0.0,2460912.0
9269,1289453968.0,12511658.0,0.0,234353814.0
9280,2278326000.0,0.0,0.0,410098680.0
9281,2209466.0,22091.0,0.0,401682.0
9289,19234044786.0,0.0,0.0,3455818481.0
9305,130913470.0,0.0,0.0,23564498.0
9308,49704000.0,0.0,0.0,8946720.0
9310,230379400.0,0.0,0.0,41468292.0
9315,141035778.0,0.0,0.0,25386441.0
9318,88291650.0,0.0,0.0,10594998.0
9331,732225347.0,0.0,0.0,127229637.0
9333,29472050.0,0.0,0.0,3708342.0
9335,1795387681.0,0.0,0.0,128204917.0
9369,456187898.0,0.0,0.0,59488431.0
9375,14554225945.0,80498136.0,0.0,2662456283.0
9396,1610210160.0,4697576.0,0.0,205281484.0
9403,39802512.0,0.0,0.0,7164453.0
9410,3684500000.0,0.0,0.0,221070000.0
9411,5879661.0,0.0,0.0,0.0
9416,44256586.0,0.0,0.0,7966180.0
9437,22859461.0,0.0,0.0,4087034.0
9442,68480221.0,0.0,0.0,8217626.0
9449,90643000.0,0.0,0.0,0.0
9469,28764708.0,0.0,0.0,3451764.0
9479,264027272.0,0.0,0.0,47524911.0
9480,10121824.0,0.0,0.0,1821846.0
9488,34023337.0,0.0,0.0,6124194.0
9508,1023197319.0,0.0,0.0,0.0
9512,221305500.0,0.0,0.0,39834990.0
9533,574905365.0,0.0,0.0,70079052.0
9548,2110800.0,0.0,0.0,379944.0
9570,20373543.0,203736.0,0.0,3703910.0
9575,1126570082.0,62330.0,0.0,202793833.0
9588,53708660.0,0.0,0.0,6445038.0
9596,1771590989.0,13086788.0,0.0,318886382.0
9601,20682564.0,0.0,0.0,2697920.0
9624,445691119.0,0.0,0.0,76011955.0
9643,1250000.0,0.0,0.0,150000.0
9652,68292228.0,0.0,0.0,12292600.0
9664,654860643.0,0.0,0.0,117874916.0
9695,169288746.0,0.0,0.0,30471974.0
9713,1448809273.0,0.0,0.0,171632728.0
9720,259261600.0,2592619.0,0.0,4325900.0
9721,2223932049.0,0.0,0.0,400307768.0
9725,103889520.0,1038894.0,0.0,18887113.0
9731,2383015.0,0.0,0.0,246852.0
9737,7496407.0,0.0,0.0,1349349.0
9748,14057638.0,0.0,0.0,2530373.0
9758,26765359.0,58716.0,0.0,4828330.0
9770,13645457.0,0.0,0.0,2456236.0
9788,2319979644.0,0.0,0.0,417596252.0
9792,70227211.0,0.0,0.0,8427265.0
9802,521801723.0,0.0,0.0,93924305.0
9838,151430774.0,0.0,0.0,27257513.0
9843,76283720.0,0.0,0.0,13731070.0
9858,338160028.0,0.0,0.0,60816867.0
9860,4865789834.0,0.0,0.0,871972862.0
9883,56295000.0,0.0,0.0,9782220.0
9893,100609920.0,0.0,0.0,18109785.0
9910,69756656.0,0.0,0.0,8370799.0
9923,84380975.0,843810.0,0.0,15340462.0
9943,1608489300.0,26282.0,0.0,304324389.0
9957,996474331.0,0.0,0.0,119853048.0
9970,284424870.0,2844249.0,0.0,51708442.0
9992,450110660.0,0.0,0.0,78071519.0
9993,1254822151.0,0.0,0.0,226175000.0
10005,1224935105.0,0.0,0.0,220488318.0
10026,24906303.0,0.0,0.0,4732198.0
10047,385136933.0,0.0,0.0,55458117.0
10057,13022964130.0,130229655.0,0.0,2367574885.0
10068,2637598015.0,0.0,0.0,474767642.0
10072,24578000.0,0.0,0.0,2949360.0
10084,10597656.0,105975.0,0.0,642216.0
10107,311633393.0,0.0,0.0,56094010.0
10128,3604800.0,0.0,0.0,648864.0
10139,114392430.0,1143924.0,0.0,20796543.0
10151,370682458.0,0.0,0.0,66722842.0
10153,2098294690.0,18355553.0,0.0,272320740.0
10157,19303505.0,0.0,0.0,2316420.0
10161,711000.0,0.0,0.0,127980.0
10176,2920000.0,0.0,0.0,525600.0
10193,2439237000.0,0.0,0.0,439062683.0
10196,1506935.0,15074.0,0.0,273961.0
10200,1909826420.0,19098235.0,0.0,115735431.0
10205,580718850.0,0.0,0.0,104529399.0
10216,1375040000.0,0.0,0.0,247507200.0
10223,16254400.0,0.0,0.0,2925792.0
10242,2601050485.0,0.0,0.0,468189093.0
10249,889788546000.0,8897885460.0,0.0,160877683640.0
10287,29488452.0,0.0,0.0,4577669.0
10288,237591770.0,2375919.0,0.0,43194183.0
10342,217081398.0,0.0,0.0,29956146.0
10348,406875433.0,0.0,0.0,73237588.0
10351,1556226350.0,0.0,0.0,280120743.0
10355,15210531.0,0.0,0.0,912630.0
10369,577646628.0,0.0,0.0,81760391.0
10370,4806702787.0,0.0,0.0,865206397.0
10388,98228456.0,0.0,0.0,17681120.0
10401,23101238.0,0.0,0.0,4140158.0
10415,302777563.0,0.0,0.0,54474337.0
10455,271397561.0,0.0,0.0,48851562.0
10456,563038825.0,0.0,0.0,101346986.0
10462,56983037.0,0.0,0.0,6837962.0
10466,1600000.0,0.0,0.0,192000.0
10472,1009571369.0,0.0,0.0,181722846.0
10500,137530728.0,0.0,0.0,16503679.0
10501,120881035.0,0.0,0.0,18151416.0
10502,34000000.0,0.0,0.0,4080000.0
10504,147892778.0,0.0,0.0,17747132.0
10505,137841347.0,0.0,0.0,24811439.0
10524,5957750.0,0.0,0.0,789030.0
10526,733847967.0,0.0,0.0,132092634.0
10532,189154910.0,0.0,0.0,34047883.0
10535,9499500.0,0.0,0.0,1709910.0
10536,2989783355.0,0.0,0.0,538161002.0
10545,7519884066.0,0.0,0.0,1353579133.0
10562,75106143.0,0.0,0.0,13519102.0
10566,24130000.0,0.0,0.0,4343400.0
10580,30100000.0,0.0,0.0,5392800.0
10583,597898982.0,0.0,0.0,107621817.0
10590,334405563.0,0.0,0.0,60193262.0
10596,25315169683.0,0.0,0.0,4556730547.0
10597,331300000.0,0.0,0.0,59634000.0
10600,2702502508.0,22877335.0,0.0,491496786.0
10605,101185967.0,0.0,0.0,18213475.0
10616,1410000.0,0.0,0.0,253800.0
10622,11578960.0,115789.0,0.0,2105030.0
10625,700000.0,0.0,0.0,133000.0
10626,143692400.0,1436924.0,0.0,26123282.0
10630,31280000.0,0.0,0.0,5630400.0
10637,2505642305.0,0.0,0.0,451015630.0
10650,39580000.0,0.0,0.0,7124400.0
10653,21478400.0,0.0,0.0,2606496.0
10658,1638042715.0,16380427.0,0.0,297796169.0
10670,1836603916.0,0.0,0.0,292364426.0
10675,305631337.0,0.0,0.0,49982517.0
10708,13249760.0,0.0,0.0,2384866.0
10711,73358999.0,0.0,0.0,13204618.0
10723,168679400.0,0.0,0.0,30362292.0
10749,518229389.0,0.0,0.0,93281280.0
10750,12081139.0,0.0,0.0,2174605.0
10768,29988717.0,0.0,0.0,3598646.0
10781,14091385.0,0.0,0.0,2536449.0
10793,14040083568.0,0.0,0.0,2527215041.0
10820,151469645.0,0.0,0.0,27264536.0
10824,171517500.0,0.0,0.0,30873150.0
10855,53400000.0,0.0,0.0,9612000.0
10859,154406196.0,0.0,0.0,15002185.0
10860,55172920.0,0.0,0.0,9931126.0
10861,158715000.0,0.0,0.0,28568700.0
10862,746257430.0,0.0,0.0,134326333.0
10871,63498256.0,0.0,0.0,11429686.0
10890,2117742539.0,0.0,0.0,381193662.0
10904,782765400.0,0.0,0.0,140897771.0
10920,30350000.0,0.0,0.0,3642000.0
10937,1199927500.0,11999275.0,0.0,215986950.0
10940,440082099.0,1430153.0,0.0,89774366.0
10942,820582425.0,0.0,0.0,147704837.0
10946,43463276.0,0.0,0.0,7821521.0
10956,3799700493.0,0.0,0.0,245770772.0
10957,1320000.0,7200.0,0.0,237600.0
10966,5079036309.0,15938189.0,0.0,914226439.0
10975,582363460.0,0.0,0.0,104825422.0
10982,586107461.0,0.0,0.0,98278249.0
10986,516939086.0,0.0,0.0,93049034.0
10989,95655845.0,956558.0,0.0,17390232.0
11001,233201050.0,2332011.0,0.0,42395951.0
11013,304587369.0,3045875.0,0.0,54880917.0
11016,98887336.0,29673.0,0.0,17799720.0
11026,2586644813.0,0.0,0.0,465596064.0
11038,352705028.0,0.0,0.0,63486905.0
11041,108360.0,0.0,0.0,19504.0
11047,139993400.0,0.0,0.0,25198740.0
11055,195704546.0,0.0,0.0,35226816.0
11080,56544968.0,0.0,0.0,10178095.0
11086,23818435859.0,0.0,0.0,2814762992.0
11095,17852550.0,0.0,0.0,1165806.0
11097,401782481.0,0.0,0.0,72320844.0
11117,665068630.0,0.0,0.0,39904109.0
11120,104038200.0,0.0,0.0,18726876.0
11134,52638387.0,0.0,0.0,9474910.0
11162,161288940.0,0.0,0.0,29032009.0
11164,345266776.0,0.0,0.0,62148019.0
11175,2705263.0,0.0,0.0,324631.0
11177,554503777.0,0.0,0.0,99810687.0
11192,4856832.0,0.0,0.0,874230.0
11194,5616000.0,0.0,0.0,1010880.0
11216,1143742365.0,11437425.0,0.0,207932369.0
11220,2111219805.0,0.0,0.0,380019550.0
11228,13364459.0,0.0,0.0,2405592.0
11243,517226354.0,0.0,0.0,62359526.0
11250,17313091260.0,170736504.0,0.0,3147519980.0
11260,335349037.0,3353496.0,0.0,61096002.0
11265,1524996507.0,0.0,0.0,192013955.0
11271,1704705509.0,0.0,0.0,306846993.0
11287,682772.0,0.0,0.0,122899.0
11325,199750000.0,0.0,0.0,35955000.0
11328,87359889.0,0.0,0.0,15724780.0
11345,560720728.0,0.0,0.0,100929730.0
11349,8707808.0,0.0,0.0,1567405.0
11350,13266170667.0,0.0,0.0,2387909720.0
11365,1367889305.0,13678898.0,0.0,248682281.0
11382,133151671.0,0.0,0.0,0.0
11386,229117198.0,0.0,0.0,41241096.0
11392,120399111.0,0.0,0.0,21671840.0
11399,109965306.0,0.0,0.0,19793818.0
11400,4284810100.0,0.0,0.0,767723748.0
11413,226415140.0,0.0,0.0,40754724.0
11432,90636628.0,0.0,0.0,16314594.0
11443,1145049964.0,0.0,0.0,133605785.0
11477,594830300.0,0.0,0.0,90708402.0
11494,15519520.0,0.0,0.0,2793514.0
11502,72567931.0,0.0,0.0,13062226.0
11507,9722729.0,0.0,0.0,1166727.0
11522,76531884.0,0.0,0.0,13775741.0
11550,797200031.0,7972002.0,0.0,144930967.0
11552,8991448.0,0.0,0.0,1618459.0
11561,364782766.0,0.0,0.0,65660881.0
11579,8863904236.0,35784152.0,0.0,1600109219.0
11643,330284658.0,0.0,0.0,33335877.0
11679,110346580.0,1103466.0,0.0,6918309.0
11700,407196000.0,0.0,0.0,48863520.0
11704,1134578336.0,0.0,0.0,204224099.0
11707,7262500.0,0.0,0.0,1307250.0
11723,677919996.0,0.0,0.0,122025623.0
11732,11134212.0,0.0,0.0,2004157.0
11740,1064223070.0,0.0,0.0,191560154.0
11759,317383448.0,0.0,0.0,56461282.0
11762,400000.0,0.0,0.0,72000.0
11764,1031868099.0,0.0,0.0,177089276.0
11767,244074744.0,0.0,0.0,43705758.0
11787,267166075.0,0.0,0.0,48089894.0
11803,251454328.0,0.0,0.0,45261779.0
11805,1328580550.0,13211857.0,0.0,240191538.0
11813,31763000.0,0.0,0.0,5717340.0
11823,17494633.0,0.0,0.0,3149032.0
11828,4680508.0,0.0,0.0,842491.0
11835,41050000.0,0.0,0.0,4926000.0
11846,61120519500.0,611205193.0,0.0,11111710440.0
11855,10708200.0,0.0,0.0,1927476.0
11857,10235187.0,0.0,0.0,1296838.0
11860,1072000.0,0.0,0.0,192960.0
11872,892088764.0,0.0,0.0,160574453.0
11889,165000.0,0.0,0.0,29700.0
11949,351298200.0,3512983.0,0.0,63636715.0
11958,123171768.0,0.0,0.0,22148272.0
11975,19320570.0,0.0,0.0,0.0
11977,1529053400.0,0.0,0.0,275229612.0
11979,590249150.0,1101162.0,0.0,107307296.0
11986,987660500.0,9876166.0,0.0,179556677.0
11994,90440670.0,0.0,0.0,16279321.0
12001,129012410.0,0.0,0.0,18772000.0
12002,206362500.0,0.0,0.0,37145250.0
12004,59864287.0,0.0,0.0,10775571.0
12006,3084744232.0,0.0,0.0,555253975.0
12014,138041913.0,0.0,0.0,24848974.0
12025,121464178.0,0.0,0.0,21863553.0
12039,130830846.0,0.0,0.0,23549553.0
12054,24899600.0,0.0,0.0,3076298.0
12055,590418067.0,0.0,0.0,94195390.0
12073,115042349.0,1130425.0,0.0,20911099.0
12096,56568000.0,0.0,0.0,10182241.0
12109,571295000.0,0.0,0.0,68555400.0
12110,62701300.0,0.0,0.0,7524156.0
12114,1516953170.0,0.0,0.0,18204055.0
12119,313709932.0,0.0,0.0,42651301.0
12120,158400.0,0.0,0.0,28512.0
12136,130026270.0,0.0,0.0,21761126.0
12176,31500000.0,0.0,0.0,3780000.0
12187,24688502.0,0.0,0.0,4351102.0
12195,15674500.0,0.0,0.0,2821410.0
12209,291640200.0,0.0,0.0,35183787.0
12229,432105512.0,0.0,0.0,51211632.0
12240,690155000.0,0.0,0.0,112931880.0
12258,719103707.0,0.0,0.0,129438667.0
12324,3115085910.0,0.0,0.0,560715466.0
12329,533821977.0,0.0,0.0,83935262.0
12361,772000.0,0.0,0.0,138960.0
12362,50558109.0,0.0,0.0,9100458.0
12363,2558357630.0,0.0,0.0,460504374.0
12366,1550000.0,0.0,0.0,279000.0
12382,1594366666.0,0.0,0.0,286986000.0
12408,77853526.0,778537.0,0.0,12382963.0
12421,1452193.0,0.0,0.0,261395.0
12432,3786879578.0,0.0,0.0,681638324.0
12433,159464099.0,0.0,0.0,15365227.0
12436,969836033.0,0.0,0.0,174570359.0
12454,565000.0,0.0,0.0,33900.0
12473,36072202.0,0.0,0.0,6611385.0
12477,64999510.0,649995.0,0.0,11699912.0
12480,23275019.0,0.0,0.0,4189502.0
12491,263304952.0,0.0,0.0,47394944.0
12526,19213280.0,0.0,0.0,3458390.0
12531,348696770.0,0.0,0.0,0.0
12533,292575000.0,0.0,0.0,52663500.0
12552,95988600.0,0.0,0.0,17277948.0
12553,11378412.0,0.0,0.0,2048114.0
12568,2079596251.0,20795962.0,0.0,378070601.0
12572,284427955.0,0.0,0.0,17065676.0
12573,32205000.0,0.0,0.0,5796900.0
12594,6059365.0,0.0,0.0,1090672.0
12615,1593767383.0,0.0,0.0,286878181.0
12625,108899825.0,0.0,0.0,20690968.0
12632,2302422370.0,0.0,0.0,178270747.0
12667,8691625.0,0.0,0.0,1564437.0
12669,200661489.0,0.0,0.0,36119069.0
12678,583082610.0,0.0,0.0,104954870.0
12693,191479223.0,0.0,0.0,34466262.0
12695,23637908.0,0.0,0.0,4256823.0
12701,8522318900.0,0.0,0.0,1534017402.0
12702,5000000.0,0.0,0.0,600000.0
12718,300608139.0,3006087.0,0.0,54825093.0
12731,41585969139.0,0.0,0.0,7485474384.0
12750,6924405.0,69244.0,0.0,1258857.0
12752,8842105.0,0.0,0.0,1061053.0
12791,203939651.0,2039398.0,0.0,37076227.0
12800,8544228828.0,85442288.0,0.0,1553340802.0
12810,5251260327.0,0.0,0.0,631601517.0
12811,13614177348.0,0.0,0.0,2450551921.0
12832,393894021.0,3938939.0,0.0,71609931.0
12852,47858800.0,478588.0,0.0,8700730.0
12866,110500991.0,0.0,0.0,19861900.0
12867,44140261.0,0.0,0.0,7945244.0
12881,46314850.0,0.0,0.0,8336673.0
12884,25760921.0,0.0,0.0,4636965.0
12945,89877251.0,898774.0,0.0,16339682.0
12954,27469144.0,0.0,0.0,3296297.0
12956,323107740.0,0.0,0.0,58159392.0
12977,1236611865.0,0.0,0.0,222590133.0
13000,41500000.0,0.0,0.0,7470000.0
13014,88656600.0,0.0,0.0,15958188.0
13046,2952893709.0,0.0,0.0,531520863.0
13066,1598389020.0,7690110.0,0.0,287786002.0
13068,1816285403.0,0.0,0.0,326931371.0
13084,2010309150.0,16178606.0,0.0,334028899.0
13100,792890710.0,0.0,0.0,142720328.0
13105,32057363644.0,0.0,0.0,5770325469.0
13108,348759139.0,0.0,0.0,62776644.0
13112,9746472792.0,0.0,0.0,1754365070.0
13122,16717323445.0,0.0,0.0,3009118222.0
13134,476333267.0,0.0,0.0,85739989.0
13135,9499600.0,0.0,0.0,1709928.0
13139,35607912.0,0.0,0.0,6409424.0
13145,12109524650.0,0.0,0.0,2179714431.0
13158,4244492834.0,0.0,0.0,254669566.0
13159,643214761.0,0.0,0.0,115778655.0
13172,220800000.0,0.0,0.0,41952000.0
13175,639074141.0,0.0,0.0,93125407.0
13182,295981172.0,0.0,0.0,44293618.0
13246,13108000.0,0.0,0.0,2359440.0
13248,655859201.0,6558593.0,0.0,119235203.0
13252,85491600.0,0.0,0.0,15388488.0
13256,10075000.0,0.0,0.0,1209000.0
13283,2328945896.0,0.0,0.0,161525662.0
13288,80430485465.0,0.0,0.0,14477487379.0
13290,2347751662.0,0.0,0.0,281730198.0
13308,236973417.0,0.0,0.0,28436814.0
13313,121743075.0,0.0,0.0,21849552.0
13334,157195017.0,0.0,0.0,18863401.0
13340,22153846.0,0.0,0.0,2658462.0
13357,890325619.0,0.0,0.0,162613714.0
13371,168480000.0,1684800.0,0.0,30629664.0
13372,14530734275.0,0.0,0.0,2615532198.0
13374,329277123.0,0.0,0.0,59060011.0
13390,448396455.0,4483982.0,0.0,81542114.0
13411,855316913.0,8553172.0,0.0,103664398.0
13422,352903750.0,0.0,0.0,63522678.0
13464,1344577910.0,0.0,0.0,243156755.0
13470,4307312.0,0.0,0.0,775316.0
13472,7430351379.0,0.0,0.0,891642157.0
13474,1503137.0,0.0,0.0,270562.0
13479,1276942581.0,6036603.0,0.0,230936255.0
13486,3805720.0,15687.0,0.0,285185.0
13507,2501000.0,0.0,0.0,150060.0
13509,305844480.0,0.0,0.0,0.0
13513,74389627.0,0.0,0.0,8926755.0
13518,4094023.0,0.0,0.0,736923.0
13519,208344144.0,0.0,0.0,37501947.0
13522,448959566.0,0.0,0.0,80954555.0
13528,927048314.0,0.0,0.0,166868659.0
13533,3414506528000.0,0.0,0.0,642629819.0
13549,39862590.0,120242.0,0.0,7196910.0
13553,29548000.0,0.0,0.0,5318640.0
13568,1653442137.0,0.0,0.0,182816812.0
13574,1788061317.0,0.0,0.0,321851023.0
13579,635248177.0,2564523.0,0.0,114806289.0
13591,20474800.0,204748.0,0.0,3812319.0
13599,131652511.0,0.0,0.0,23534801.0
13633,44494808531.0,0.0,0.0,8009065449.0
13676,192822909.0,0.0,0.0,34708124.0
13680,11287000.0,112870.0,0.0,2051976.0
13681,26876740641.0,0.0,0.0,4949831098.0
13688,601309205.0,0.0,0.0,108235658.0
13695,6488420.0,64884.0,0.0,1179594.0
13715,794916365.0,0.0,0.0,143084946.0
13720,10357065.0,0.0,0.0,1864271.0
13723,712693680.0,0.0,0.0,128284860.0
13733,20365831.0,0.0,0.0,3665849.0
13768,80466167.0,0.0,0.0,14483910.0
13799,198550343.0,0.0,0.0,0.0
13827,9000000.0,0.0,0.0,1620000.0
13858,539186368.0,0.0,0.0,100313956.0
13862,204004562.0,812171.0,0.0,26878896.0
13870,11869500.0,0.0,0.0,1424340.0
13893,17100000.0,0.0,0.0,3078000.0
13939,69364900.0,585649.0,0.0,12572663.0
13958,16522916.0,0.0,0.0,2223656.0
13971,3363310.0,0.0,0.0,639029.0
13983,675192000.0,6751920.0,0.0,122749907.0
14001,14942296.0,0.0,18.0,2689604.0
14006,2830685.0,0.0,0.0,443221.0
14016,15318900.0,153188.0,0.0,2757401.0
14026,4521514.0,0.0,0.0,813885.0
14057,330565963.0,3305653.0,0.0,60096891.0
14066,185000.0,0.0,0.0,33300.0
14080,8090787.0,360.0,0.0,1456405.0
14084,884526903.0,0.0,0.0,159214843.0
14089,277387750.0,0.0,0.0,49929795.0
14109,13175000.0,0.0,0.0,2371500.0
14110,10598227588.0,0.0,0.0,1235751966.0
14116,64017031.0,0.0,0.0,10920858.0
14122,4505610.0,0.0,0.0,811007.0
14132,10025000.0,0.0,0.0,1203000.0
14163,33873.0,340.0,0.0,6098.0
14205,1020422767.0,10204234.0,0.0,185512861.0
14210,670060171.0,6700601.0,0.0,121816946.0
14231,11720000.0,0.0,0.0,2109600.0
14248,56492371.0,0.0,0.0,10168629.0
14284,4806976.0,48069.0,0.0,873908.0
14288,469035000.0,4690350.0,0.0,85270564.0
14289,1403444864.0,0.0,0.0,201146331.0
14292,336300000.0,0.0,0.0,60534000.0
14303,16198192115.0,0.0,0.0,2915674579.0
14317,378645741.0,0.0,0.0,68256217.0
14330,5062523647.0,0.0,0.0,333960704.0
14364,192324500.0,569435.0,0.0,34618410.0
14373,889423007.0,8894234.0,0.0,161660996.0
14374,2693385470.0,0.0,0.0,484809385.0
14386,689708493.0,6897085.0,0.0,41500067.0
14389,673365116.0,6733661.0,0.0,121207249.0
14394,510578922.0,0.0,0.0,91453900.0
14414,1192992011.0,11645934.0,0.0,216825937.0
14419,38014355135.0,0.0,0.0,6842583905.0
14423,99900978.0,0.0,0.0,11988116.0
14424,114459268.0,0.0,0.0,13735112.0
14430,31400950.0,0.0,0.0,5652171.0
14432,1391210228.0,0.0,0.0,250418103.0
14440,36000000.0,0.0,0.0,4320000.0
14447,4322813488.0,43233456.0,0.0,785888466.0
14454,1102691885.0,0.0,0.0,191112860.0
14480,42149094.0,421493.0,0.0,7662705.0
14483,87372300.0,873723.0,0.0,15884285.0
14488,1156869213.0,0.0,0.0,204680752.0
14490,1184392181.0,11843922.0,0.0,215322499.0
14498,17855460.0,178554.0,0.0,3223136.0
14518,140000000.0,0.0,0.0,25200000.0
14522,700000.0,0.0,0.0,126000.0
14536,3144610.0,0.0,0.0,566031.0
14545,410403258.0,0.0,0.0,53172232.0
14548,13822520.0,0.0,0.0,0.0
14570,2399146740.0,0.0,0.0,431846413.0
14580,768223777.0,0.0,0.0,138280280.0
14581,96519263.0,0.0,0.0,17373469.0
14588,6444762.0,0.0,0.0,1160057.0
14606,1029600.0,10296.0,0.0,187181.0
14618,1403188332.0,0.0,0.0,252573900.0
14648,416071883.0,4160720.0,0.0,75641867.0
14666,28595825.0,0.0,0.0,5147248.0
14676,1180413501.0,0.0,0.0,212474430.0
14681,226842295.0,0.0,0.0,13613932.0
14684,20000000.0,0.0,0.0,3600000.0
14685,164250117.0,0.0,0.0,29284623.0
14715,450506041.0,0.0,0.0,81091217.0
14731,2259000.0,0.0,0.0,406620.0
14745,2524100.0,0.0,0.0,454337.0
14754,276479000.0,0.0,0.0,49766220.0
14764,131371022.0,0.0,0.0,19064000.0
14774,4798992800.0,0.0,0.0,863818697.0
14784,167692744.0,0.0,0.0,30184694.0
14801,309360125.0,0.0,0.0,55684819.0
14828,146727934.0,0.0,0.0,26397721.0
14839,168850010.0,0.0,0.0,30393901.0
14874,615765865.0,6157661.0,0.0,111919223.0
14892,2118996896.0,0.0,0.0,381419441.0
14942,60851806.0,0.0,0.0,7839923.0
14961,1006845699.0,0.0,0.0,179898872.0
14973,91397740.0,913976.0,0.0,16616108.0
14976,2505116050.0,0.0,0.0,450920889.0
14977,27156687.0,0.0,0.0,3258801.0
14987,12504875648.0,0.0,0.0,2250877616.0
15022,1733892.0,0.0,0.0,312101.0
15023,47291566.0,0.0,0.0,8512481.0
15039,37607750.0,31797.0,0.0,6837086.0
15050,21911228.0,0.0,0.0,3944021.0
15058,438522400.0,4385224.0,0.0,79723372.0
15060,21632738.0,0.0,0.0,3893894.0
15065,242106016.0,2421056.0,0.0,44014867.0
15106,8436728834.0,0.0,0.0,100763425.0
15121,6272400.0,0.0,0.0,752688.0
15122,136210637.0,0.0,0.0,22248996.0
15142,563123440.0,0.0,0.0,101362219.0
15150,138609640.0,1367296.0,0.0,25195847.0
15154,3207120.0,0.0,0.0,577282.0
15162,1296045285.0,0.0,0.0,164527192.0
15165,1726468866.0,0.0,0.0,310764398.0
15169,4773751615.0,0.0,0.0,286425089.0
15182,92866250.0,0.0,0.0,11143950.0
15188,17735410874.0,0.0,0.0,3179817549.0
15192,54113600.0,0.0,0.0,6493632.0
15230,106187224.0,0.0,0.0,19113707.0
15240,2504895.0,0.0,0.0,450881.0
15261,1547938.0,0.0,0.0,186153.0
15267,27697100.0,0.0,0.0,3323652.0
15281,89597850.0,0.0,0.0,16127613.0
15282,4737641005.0,0.0,0.0,852775380.0
15308,1333736374.0,11442920.0,0.0,240072541.0
15381,17622002405.0,0.0,0.0,3172680306.0
15382,8471000.0,0.0,0.0,1524780.0
15390,20933121.0,0.0,0.0,3767963.0
15396,4627060.0,0.0,0.0,555247.0
15432,73537256.0,0.0,0.0,8824471.0
15443,530531213.0,0.0,0.0,95495619.0
15448,882966567.0,0.0,0.0,158924999.0
15452,530569576.0,0.0,0.0,95502520.0
15458,4000000.0,0.0,0.0,720000.0
15486,2848009520.0,28480098.0,0.0,516576453.0
15496,18202000.0,0.0,0.0,4095450.0
15497,13158292.0,0.0,0.0,1939844.0
15506,7845209215.0,0.0,0.0,1412137658.0
15524,4788382840.0,47883847.0,0.0,870528037.0
15526,559200800.0,0.0,0.0,100656144.0
15538,909174170.0,9092058.0,0.0,165835241.0
15554,18458790.0,0.0,0.0,0.0
15570,2406986.0,0.0,0.0,433257.0
15572,33147650.0,0.0,0.0,5966577.0
15576,3119075728.0,9605847.0,0.0,563162685.0
15578,39600000.0,0.0,0.0,7128000.0
15595,249917500.0,0.0,0.0,44985144.0
15598,121124834.0,0.0,0.0,0.0
15612,17861500.0,0.0,0.0,3215070.0
15628,1756878223.0,4489173.0,0.0,211699745.0
15635,101413121.0,0.0,0.0,16308388.0
15644,22500000.0,225000.0,0.0,4090500.0
15647,9835000.0,0.0,0.0,1770300.0
15669,12616451.0,0.0,0.0,2270959.0
15672,72896250.0,365509.0,0.0,11064386.0
15678,1479791100.0,0.0,0.0,266362399.0
15681,204740839.0,2051677.0,0.0,37160798.0
15701,2968800.0,0.0,0.0,356256.0
15730,739786418.0,0.0,0.0,133161549.0
15731,4156000.0,0.0,0.0,748080.0
15748,1360211760.0,0.0,0.0,244838117.0
15754,38769980.0,0.0,0.0,6978596.0
15781,144270128.0,0.0,0.0,17312414.0
15785,768929260.0,0.0,0.0,134758610.0
15805,28487500.0,9255.0,0.0,5128876.0
15806,1658245168.0,0.0,0.0,298484130.0
15824,582590058.0,0.0,0.0,104866211.0
15831,39280713.0,0.0,0.0,7016436.0
15848,420043.0,0.0,0.0,75607.0
15855,168852051.0,0.0,0.0,30393369.0
15861,19130000.0,0.0,0.0,3443400.0
15863,61990000.0,0.0,0.0,7438800.0
15864,1620520343.0,0.0,0.0,291693660.0
15873,124889017.0,1241635.0,0.0,22480024.0
15905,98199030.0,0.0,0.0,11783883.0
15909,6698260.0,28968.0,0.0,1210900.0
15926,248808305.0,1551354.0,0.0,45064740.0
15930,20390451739.0,0.0,0.0,3670169490.0
15951,4057013042.0,40570129.0,0.0,737564972.0
15952,118346000.0,0.0,0.0,21302280.0
15968,68725440.0,687254.0,0.0,12494285.0
15994,3299229714.0,0.0,0.0,594630176.0
16006,1224058629.0,0.0,0.0,165961184.0
16007,14703411.0,0.0,0.0,2646704.0
16019,98692573.0,0.0,0.0,17764662.0
16028,252090043.0,0.0,0.0,43628883.0
16037,351165602.0,0.0,0.0,63209807.0
16038,8962314.0,0.0,0.0,1613216.0
16047,254755923.0,0.0,0.0,33160988.0
16051,25357263.0,507152.0,0.0,1546154.0
16055,71793446.0,0.0,0.0,8615214.0
16062,970193763.0,0.0,0.0,0.0
16081,16016991.0,0.0,0.0,2883043.0
16095,66796950.0,0.0,0.0,12023451.0
16102,181105057.0,0.0,0.0,32598911.0
16129,1394541837.0,0.0,0.0,0.0
16147,1634249100.0,16342491.0,0.0,297106525.0
16166,610789.0,0.0,0.0,73294.0
16168,2812626080.0,0.0,0.0,506272695.0
16171,572350503.0,0.0,918000.0,100107577.0
16187,50176300.0,0.0,0.0,9031734.0
16196,25516493.0,0.0,0.0,4423622.0
16211,5705221.0,0.0,0.0,1026940.0
16219,59890000.0,0.0,0.0,10780200.0
16220,3477855143.0,0.0,0.0,0.0
16229,2548820116.0,0.0,0.0,458787617.0
16272,163525023.0,0.0,0.0,29270537.0
16274,419015560.0,5834904.0,0.0,69587892.0
16279,964857271.0,0.0,0.0,172492208.0
16291,2026140240.0,0.0,0.0,364705245.0
16294,535342880.0,0.0,0.0,96181048.0
16309,67706210.0,0.0,0.0,8124745.0
16318,34500966.0,0.0,0.0,5921077.0
16331,148934594.0,0.0,0.0,15262116.0
16337,2809712052.0,0.0,0.0,505748185.0
16355,27903156.0,0.0,0.0,5022570.0
16356,56450812.0,0.0,0.0,10161145.0
16363,23872908435.0,0.0,0.0,4283604694.0
16368,196110060.0,0.0,0.0,20833501.0
16395,823600000.0,8236000.0,0.0,149730480.0
16411,810622367.0,0.0,0.0,108382885.0
16419,2761200.0,0.0,0.0,497016.0
16435,17113290.0,91950.0,0.0,3096920.0
16436,30721522.0,0.0,0.0,3616908.0
16445,25341930.0,0.0,0.0,4561548.0
16449,79495494.0,0.0,0.0,14309189.0
16477,2203267831.0,0.0,0.0,396761706.0
16486,831198796.0,4439993.0,0.0,150414979.0
16490,8981056.0,89808.0,0.0,1616590.0
16493,8747287436.0,10281113.0,0.0,1575590852.0
16495,109340130.0,0.0,0.0,17192668.0
16505,47892995.0,0.0,0.0,8620737.0
16510,19038685366.0,0.0,0.0,3426963372.0
16535,79921899.0,1598448.0,0.0,9783824.0
16545,166691608.0,0.0,0.0,30004488.0
16555,453720263.0,0.0,0.0,81159901.0
16565,28124377.0,0.0,0.0,5062321.0
16575,81602400.0,0.0,0.0,14688432.0
16589,13286600.0,0.0,0.0,2391588.0
16608,250109899.0,0.0,0.0,15006596.0
16612,2517105359.0,20928538.0,0.0,456648267.0
16618,195000.0,0.0,0.0,35100.0
16637,111641348.0,1116411.0,0.0,20296395.0
16643,53904045.0,0.0,0.0,9702730.0
16646,21730.0,0.0,0.0,2535.0
16658,158388278.0,0.0,0.0,28509888.0
16662,206600407.0,0.0,0.0,37188076.0
16683,92238000.0,0.0,0.0,16602840.0
16694,1763474060.0,0.0,0.0,213134071.0
16724,383688231.0,0.0,0.0,69063900.0
16736,132473875.0,0.0,0.0,25170036.0
16746,369577611.0,0.0,0.0,53711024.0
16747,47424160.0,0.0,0.0,8536348.0
16758,313413950.0,0.0,0.0,47536614.0
16760,752112576.0,0.0,0.0,133145075.0
16769,17453318540.0,0.0,0.0,3141597333.0
16786,1102458570.0,0.0,0.0,197253638.0
16790,18534564.0,0.0,0.0,2224148.0
16793,3121910.0,0.0,0.0,561944.0
16797,12377739206.0,0.0,0.0,0.0
16851,14627156417.0,0.0,0.0,2632888158.0
16865,66639599.0,0.0,0.0,11995128.0
16878,143252080.0,0.0,0.0,25785374.0
16880,9660000.0,0.0,0.0,1738800.0
16882,283014298.0,0.0,0.0,50942573.0
16889,231178393.0,971408.0,0.0,41506104.0
16917,9536079025.0,0.0,0.0,1716494224.0
16930,206213381.0,0.0,0.0,22999429.0
16934,304264511.0,0.0,0.0,54767609.0
16938,4418000.0,0.0,0.0,795240.0
16952,488061945.0,0.0,0.0,58567434.0
16979,140823281.0,0.0,0.0,0.0
16983,450575500.0,0.0,0.0,81103590.0
17046,10399935793.0,0.0,0.0,1871988446.0
17059,4884514267.0,0.0,0.0,879212570.0
17071,1887366.0,0.0,0.0,226484.0
17073,201934594.0,2019345.0,0.0,36711708.0
17081,112455974.0,0.0,0.0,20316596.0
17086,1313669428.0,3615167.0,0.0,236460339.0
17089,1848941999.0,0.0,0.0,332809528.0
17099,135080000.0,0.0,0.0,24314400.0
17113,18396669.0,0.0,0.0,3311402.0
17127,1865763171.0,0.0,0.0,243075551.0
17129,511223759.0,0.0,0.0,72740771.0
17130,662762517.0,0.0,0.0,39765753.0
17150,1339370970.0,0.0,0.0,241086774.0
17155,165558400.0,0.0,0.0,19867008.0
17165,207384435.0,0.0,0.0,37200617.0
17171,4237164.0,0.0,0.0,762689.0
17177,1707360.0,0.0,0.0,204883.0
17206,161996507.0,0.0,0.0,29159364.0
17214,219152586.0,0.0,0.0,39323868.0
17228,5046580.0,50466.0,0.0,917468.0
17232,227245848.0,0.0,0.0,40904280.0
17240,5124655.0,0.0,0.0,973677.0
17253,75442563554.0,0.0,0.0,13579661439.0
17258,4808034.0,0.0,0.0,865446.0
17274,1275936448.0,0.0,0.0,141094995.0
17293,25504229.0,0.0,0.0,4590761.0
17298,426278735.0,0.0,0.0,92251999.0
17348,205200898.0,0.0,0.0,36936161.0
17359,93376000.0,0.0,0.0,16807680.0
17363,225177904.0,0.0,0.0,40532022.0
17379,36028848.0,360288.0,0.0,6550045.0
17384,19845000.0,0.0,0.0,2381400.0
17390,4259500.0,42530.0,0.0,766710.0
17401,151132818.0,0.0,0.0,27203906.0
17402,600000.0,0.0,0.0,108000.0
17416,362085864.0,0.0,0.0,65175457.0
17417,1995000.0,0.0,0.0,239400.0
17461,45376867.0,0.0,0.0,8112189.0
17476,928667652.0,0.0,0.0,167160171.0
17478,133430084.0,0.0,0.0,19907671.0
17490,7566500.0,0.0,0.0,1361970.0
17495,347300000.0,0.0,0.0,62514000.0
17497,8834950.0,0.0,0.0,1590291.0
17516,205143253.0,0.0,0.0,30958401.0
17539,381689180.0,0.0,0.0,52346879.0
17544,2897891994.0,28978945.0,0.0,526836813.0
17589,3089975.0,30900.0,0.0,561757.0
17611,1479705393.0,0.0,0.0,266346954.0
17612,3200000.0,0.0,0.0,576000.0
17619,1719012028.0,17190120.0,0.0,312516386.0
17628,705073008.0,0.0,0.0,87891267.0
17640,694472411.0,0.0,0.0,125005234.0
17646,449982991.0,0.0,0.0,57597825.0
17650,1568900710.0,0.0,0.0,199607168.0
17666,1150894.0,0.0,0.0,207161.0
17671,2445151.0,0.0,0.0,293423.0
17690,278216354.0,0.0,0.0,49106124.0
17696,900945927.0,0.0,0.0,161176418.0
17719,349777132.0,3497764.0,0.0,63589469.0
17720,199682375.0,0.0,0.0,35479774.0
17728,694325600.0,0.0,0.0,92269272.0
17743,171305468.0,0.0,0.0,30834984.0
17747,6895766926.0,0.0,0.0,972528404.0
17757,175962230.0,0.0,0.0,31673200.0
17758,9028720.0,90291.0,0.0,1683995.0
17761,37605000.0,376050.0,0.0,6836589.0
17788,3508880.0,0.0,0.0,421066.0
17794,28253000.0,282530.0,0.0,5136395.0
17798,5470000.0,0.0,54700.0,994446.0
17814,2569676805.0,0.0,0.0,312704919.0
17816,18219758.0,0.0,0.0,3279556.0
17822,885000.0,0.0,0.0,148500.0
17828,3314180.0,0.0,0.0,596552.0
17840,77294643.0,0.0,0.0,9275357.0
17847,15008000.0,83880.0,0.0,2701440.0
17853,16929766.0,0.0,0.0,3047351.0
17880,34685262811.0,0.0,0.0,6243347256.0
17889,50112400.0,0.0,0.0,9020232.0
17891,1345570506.0,0.0,0.0,166739034.0
17911,163152000.0,0.0,0.0,19578240.0
17912,296074960.0,0.0,0.0,53293492.0
17914,92450115.0,0.0,0.0,10910982.0
17929,1051315104.0,6982341.0,0.0,191129082.0
17934,307147851.0,3071481.0,0.0,55839476.0
17936,1060515268.0,0.0,0.0,190892740.0
17942,564770800.0,5647708.0,0.0,102675327.0
17944,203277.0,0.0,0.0,36950.0
17950,2302943703.0,0.0,0.0,285219849.0
17980,43840686712.0,0.0,0.0,7891323609.0
17987,102213610.0,0.0,0.0,18398450.0
17988,249273569.0,0.0,0.0,48573399.0
18006,46872285.0,0.0,0.0,8437011.0
18018,32072225.0,0.0,0.0,5773002.0
18053,4740000.0,0.0,0.0,853200.0
18056,37320927.0,0.0,0.0,6700235.0
18081,415160022.0,0.0,0.0,49819202.0
18103,971305290.0,0.0,0.0,174834952.0
18110,2484413374.0,325903.0,0.0,446194319.0
18111,4383400.0,0.0,0.0,789012.0
18112,7281856.0,72818.0,0.0,1397388.0
18124,1679307460.0,0.0,0.0,299600240.0
18139,46938527.0,0.0,0.0,5632623.0
18159,291955106.0,0.0,0.0,52551917.0
18162,256701199.0,0.0,0.0,21293786.0
18182,236954723.0,2369546.0,0.0,43078266.0
18195,476269550.0,0.0,0.0,85728516.0
18197,568910410.0,0.0,0.0,102403873.0
18211,46041356.0,0.0,0.0,8287445.0
18220,29959232526.0,0.0,0.0,547401524.0
18243,1912587950.0,0.0,0.0,114755295.0
18245,4368946254.0,0.0,0.0,0.0
18276,5717695943.0,0.0,0.0,686214882.0
18277,3299500.0,0.0,0.0,593910.0
18283,51965162.0,28650.0,0.0,9241682.0
18285,22133117.0,0.0,0.0,2655972.0
18296,788943680.0,0.0,0.0,142009862.0
18308,1476193284000.0,0.0,0.0,265714787.0
18310,40363040350.0,0.0,0.0,7265347475.0
18316,936983390.0,0.0,0.0,168619006.0
18324,2673826543.0,0.0,0.0,365647895.0
18336,194793529.0,0.0,0.0,34779334.0
18337,911166467.0,0.0,0.0,164009961.0
18361,1914506523.0,0.0,0.0,158626654.0
18376,299379751.0,0.0,0.0,46623972.0
18382,80482923.0,0.0,0.0,13772971.0
18388,208449448.0,2084493.0,0.0,37896107.0
18389,410073000.0,0.0,0.0,73813140.0
18392,90646353.0,0.0,0.0,10877558.0
18411,102755272.0,0.0,0.0,16748450.0
18412,219870000.0,2198700.0,0.0,39619800.0
18419,911298760115.0,11340343.0,0.0,206167361.0
18429,1392058150.0,13815213.0,0.0,251160551.0
18430,9023928900.0,0.0,0.0,1624307202.0
18441,1165255722.0,0.0,0.0,209746029.0
18459,213670699.0,0.0,0.0,33533553.0
18468,410873834.0,4026578.0,0.0,73203218.0
18469,65175159.0,0.0,0.0,11607552.0
18487,16403400.0,0.0,0.0,2757186.0
18535,191606147.0,0.0,0.0,34489106.0
18564,107424658.0,0.0,0.0,19336422.0
18578,283929635.0,1520246.0,0.0,51380980.0
18596,36000000.0,0.0,0.0,4410000.0
18611,2999335183.0,9635015.0,0.0,366449878.0
18647,2826707.0,0.0,0.0,508807.0
18652,242899164.0,0.0,0.0,41697684.0
18683,69471000.0,0.0,0.0,12504780.0
18719,1109157000.0,11091571.0,0.0,199648260.0
18728,853356495.0,0.0,0.0,153604170.0
18742,374805688.0,0.0,0.0,67465026.0
18746,43878300.0,0.0,0.0,7898094.0
18768,392150352.0,0.0,0.0,57746172.0
18775,91437339.0,0.0,0.0,16458721.0
18779,1255445884.0,0.0,0.0,225980267.0
18785,1741590721.0,210574.0,0.0,313524230.0
18802,696960008.0,0.0,0.0,125452801.0
18804,31022103.0,0.0,0.0,5523461.0
18807,258808943.0,19060.0,0.0,30819302.0
18818,1448196548.0,0.0,0.0,260675378.0
18840,185424285.0,0.0,0.0,33376371.0
18855,2357724968.0,0.0,0.0,424390503.0
18881,46007742.0,0.0,0.0,0.0
18885,86305370.0,0.0,0.0,15534966.0
18925,6026822.0,0.0,0.0,1084828.0
18946,43307300.0,0.0,0.0,7795314.0
18962,93363388.0,0.0,0.0,16805410.0
18972,497280009.0,0.0,0.0,89510402.0
18993,1890000.0,18900.0,0.0,340200.0
19015,125903925.0,0.0,0.0,19400642.0
19020,84490499.0,0.0,0.0,10138860.0
19036,34651477.0,0.0,0.0,6237267.0
19042,60000000.0,0.0,0.0,7200000.0
19059,894872530.0,0.0,0.0,157666610.0
19068,1220175.0,0.0,0.0,219632.0
19072,143017000.0,1430170.0,0.0,27444962.0
19084,729658577.0,7403039.0,0.0,132671001.0
19093,1583609390.0,15449661.0,0.0,287822843.0
19104,38536366.0,0.0,0.0,6936541.0
19131,75487900.0,0.0,0.0,13587822.0
19139,14551446.0,0.0,0.0,2346061.0
19148,392164158.0,3883030.0,0.0,71288487.0
19152,114027613.0,0.0,0.0,14790139.0
19156,392157905.0,0.0,0.0,70588263.0
19194,2794019710.0,0.0,0.0,0.0
19204,2511752521.0,0.0,0.0,406698230.0
19209,535086364.0,0.0,0.0,89948186.0
19231,199857989.0,0.0,0.0,35974438.0
19240,109289000.0,0.0,0.0,6557340.0
19248,112402155.0,0.0,0.0,20232389.0
19262,1193481.0,0.0,0.0,143218.0
19282,59497451.0,0.0,0.0,10709538.0
19321,338412418.0,0.0,0.0,40609491.0
19349,40382000.0,0.0,0.0,4845840.0
19351,645716219.0,0.0,0.0,114723053.0
19380,440608796.0,0.0,0.0,79309583.0
19385,1522977269.0,0.0,0.0,274135923.0
19391,3858027076.0,38580279.0,0.0,701237453.0
19392,103500000.0,0.0,0.0,18630000.0
19405,534045080.0,0.0,0.0,96128112.0
19409,571635060.0,0.0,0.0,102894311.0
19420,1064834586.0,0.0,0.0,181651568.0
19435,525446904.0,0.0,0.0,88555797.0
19441,2841874090.0,0.0,0.0,341024889.0
19485,3000000.0,0.0,0.0,360000.0
19494,35104927.0,0.0,0.0,6118920.0
19502,35859250.0,0.0,0.0,6454665.0
19511,520263288.0,0.0,0.0,93647404.0
19521,26310000.0,0.0,0.0,3157200.0
19531,5553300.0,0.0,0.0,999594.0
19547,1364017029.0,0.0,0.0,245523064.0
19553,142237469.0,0.0,0.0,17068496.0
19570,394277437.0,0.0,0.0,70969686.0
19576,1267797510.0,0.0,0.0,228203610.0
19582,95333417.0,0.0,0.0,16201273.0
19603,1391968953.0,14410279.0,0.0,253059957.0
19633,51350000.0,0.0,0.0,6162000.0
19639,134816621.0,0.0,0.0,17758735.0
19644,15913570.0,0.0,0.0,1441208.0
19658,179155069.0,0.0,0.0,32247921.0
19667,69480271.0,0.0,0.0,12439992.0
19684,132594188.0,0.0,0.0,23866952.0
19696,75663720.0,0.0,0.0,13619470.0
19701,87000000.0,870000.0,0.0,15816600.0
19705,26230000.0,0.0,0.0,4721400.0
19713,2858100840.0,28581008.0,0.0,519602734.0
19729,843809002.0,0.0,0.0,149750812.0
19731,31507286.0,0.0,0.0,5365956.0
19738,963305342.0,9633055.0,0.0,174695124.0
19753,36502145.0,0.0,0.0,2555151.0
19754,544704430.0,5447043.0,0.0,98046797.0
19764,6988625.0,0.0,0.0,1257948.0
19780,70710881.0,0.0,0.0,12727952.0
19817,312835062.0,0.0,0.0,56310312.0
19818,163912549.0,0.0,0.0,18136793.0
19837,678881618.0,0.0,0.0,122198660.0
19842,13274564.0,0.0,0.0,2389422.0
19846,302365810.0,1157.0,0.0,54370953.0
19851,3441603633.0,34416103.0,0.0,625683699.0
19853,660483602.0,0.0,0.0,0.0
19883,1162099130.0,11620990.0,0.0,211269621.0
19886,881716563.0,0.0,0.0,158708980.0
19887,954056.0,0.0,0.0,171730.0
19897,3045853196.0,0.0,0.0,563307341.0
19902,439507105.0,0.0,0.0,52740853.0
19906,17189199228.0,0.0,0.0,3093970266.0
19907,53384100.0,0.0,0.0,9609138.0
19915,16000000.0,0.0,0.0,2880000.0
19923,188424000.0,0.0,0.0,11305440.0
19932,1728575883.0,0.0,0.0,207429106.0
19934,4260000.0,0.0,0.0,766800.0
19947,1313770448.0,137280.0,0.0,236503385.0
19974,260441500.0,0.0,0.0,46879470.0
20007,817864445.0,0.0,0.0,147215603.0
20024,302378490.0,0.0,0.0,54428127.0
20046,2886874785.0,0.0,0.0,519637462.0
20055,26000000.0,0.0,0.0,4680000.0
20057,2206020491.0,0.0,0.0,397083673.0
20059,1084720746.0,0.0,0.0,195249727.0
20062,390890495.0,3908905.0,0.0,71063892.0
20076,359155450.0,0.0,0.0,48286839.0
20079,2230000.0,5300.0,0.0,96354.0
20097,832764593.0,0.0,0.0,149766742.0
20098,45230800.0,0.0,0.0,8141544.0
20119,180305113.0,0.0,0.0,32454921.0
20135,15495000.0,0.0,0.0,2789100.0
20137,620439995.0,0.0,0.0,0.0
20141,16071833.0,0.0,0.0,2892929.0
20144,30025159.0,149586.0,0.0,5404532.0
20171,3177828.0,0.0,0.0,568249.0
20174,7400000.0,12000.0,0.0,1334160.0
20200,491357280.0,0.0,0.0,88444312.0
20204,27217114.0,0.0,0.0,4899080.0
20222,32380835.0,0.0,0.0,5828548.0
20226,625188450.0,0.0,0.0,112533921.0
20237,18644273.0,0.0,0.0,2237313.0
20241,261439306.0,0.0,0.0,27535024.0
20243,399687419.0,0.0,0.0,71943738.0
20246,7305913446.0,0.0,0.0,1315064420.0
20255,868610146.0,0.0,0.0,147674797.0
20268,178171000.0,1473590.0,0.0,32336026.0
20276,1142664800.0,11426648.0,0.0,220499764.0
20307,174374430.0,0.0,0.0,31387394.0
20313,128526587372.0,0.0,0.0,23134785718.0
20349,413424031.0,1591221.0,0.0,74593753.0
20366,771551911.0,0.0,0.0,138879344.0
20431,637032500.0,0.0,0.0,76443900.0
20446,1838861039.0,8438463.0,0.0,332522981.0
20453,426725798.0,0.0,0.0,76699842.0
20478,189190000.0,0.0,0.0,22702800.0
20488,28747287.0,0.0,0.0,5174512.0
20516,178646506.0,0.0,0.0,32156371.0
20517,3216950.0,0.0,0.0,579051.0
20534,2672300.0,26723.0,0.0,485824.0
20570,247874224.0,60000.0,0.0,45063536.0
20574,1675416.0,0.0,0.0,301577.0
20580,12420000.0,0.0,0.0,2131200.0
20582,517196361.0,0.0,0.0,93095348.0
20585,2525083409.0,0.0,0.0,454515010.0
20599,17025912.0,0.0,0.0,0.0
20610,672370663.0,6723715.0,0.0,63791833.0
20616,5122689983.0,0.0,0.0,922084198.0
20624,428025.0,0.0,77045.0,77045.0
20626,2689108270.0,0.0,0.0,484039489.0
20639,17175615.0,0.0,0.0,3091551.0
20656,76019467.0,0.0,0.0,9122336.0
20682,54944994.0,0.0,0.0,9890098.0
20690,97484571828.0,36498.0,0.0,7759.0
20699,4127491688.0,0.0,0.0,783124860.0
20700,1938984.0,0.0,0.0,349018.0
20717,339465.0,0.0,0.0,0.0
20734,1575035812.0,617682.0,0.0,283617631.0
20741,1651909766.0,14717702.0,0.0,297343751.0
20756,1887876938.0,0.0,0.0,340067881.0
20763,3274233.0,0.0,0.0,451695.0
20767,1047782659.0,0.0,0.0,188600879.0
20768,10498820.0,0.0,0.0,1889788.0
20777,9838538.0,0.0,0.0,1770928.0
20803,53742444.0,0.0,0.0,9672880.0
20834,88926160.0,889262.0,0.0,16006709.0
20856,534904425.0,0.0,0.0,96192939.0
20860,4922420391.0,0.0,0.0,886035671.0
20876,71054015.0,0.0,0.0,12903429.0
20885,120000000.0,0.0,0.0,21600000.0
20893,175563322.0,0.0,0.0,31601395.0
20896,17296439.0,172963.0,0.0,3144492.0
20919,4568323457.0,0.0,0.0,822298222.0
20923,1755000.0,0.0,0.0,308504.0
20927,335550000.0,0.0,0.0,60399000.0
20933,472425400.0,0.0,0.0,82780272.0
20942,36494736.0,0.0,0.0,4379369.0
20945,17503685.0,175042.0,0.0,3182168.0
20968,2177000.0,0.0,0.0,130620.0
20972,544000.0,5440.0,0.0,98899.0
21000,2108741909.0,21087409.0,0.0,383369271.0
21013,7129244144.0,0.0,0.0,1354556425.0
21043,100000000.0,0.0,0.0,12000000.0
21044,2191881908.0,4193432.0,0.0,395293564.0
21068,35592000.0,0.0,0.0,4271040.0
21074,43911339.0,439111.0,0.0,7906942.0
21081,59646371.0,0.0,0.0,7157564.0
21086,273253874.0,0.0,0.0,32790465.0
21088,2611140840.0,0.0,0.0,470005351.0
21112,6030500.0,0.0,0.0,1085490.0
21128,137399177.0,1373991.0,0.0,24979170.0
21151,10464787.0,0.0,0.0,1883661.0
21180,1045936078.0,0.0,0.0,188268493.0
21198,355395000.0,0.0,0.0,63971100.0
21220,45215250.0,0.0,0.0,8138745.0
21230,3036724453.0,0.0,0.0,546610378.0
21231,28420079.0,0.0,0.0,5115613.0
21233,1704732558.0,0.0,0.0,280881892.0
21263,179242860.0,0.0,0.0,32263715.0
21278,1544189.0,0.0,0.0,277947.0
21281,166254150.0,0.0,0.0,29925747.0
21283,11190313148.0,49853043.0,0.0,2049876507.0
21292,30220520.0,0.0,0.0,5439691.0
21299,548581985.0,0.0,0.0,98744758.0
21313,31037000.0,0.0,0.0,3724440.0
21315,36236871657.0,0.0,0.0,6522165338.0
21329,16473689.0,0.0,0.0,988419.0
21349,126981397.0,1269818.0,0.0,23085292.0
21377,302294806.0,0.0,0.0,54413064.0
21384,392105097.0,0.0,0.0,70578918.0
21390,15600000.0,0.0,0.0,2808000.0
21391,3446846259.0,0.0,0.0,206810779.0
21399,465451619.0,0.0,0.0,83781292.0
21407,255153191.0,0.0,0.0,45927500.0
21412,5259487301.0,0.0,0.0,946707468.0
21428,2993175.0,0.0,0.0,538775.0
21436,273678845.0,197250.0,0.0,46801428.0
21441,15194002829.0,0.0,0.0,2094542229.0
21448,265614215.0,0.0,0.0,47810559.0
21455,1216576369.0,0.0,0.0,143255824.0
21478,231123892.0,0.0,0.0,41398956.0
21483,17415250248.0,0.0,0.0,2755173806.0
21489,798660335.0,0.0,0.0,0.0
21490,911318500000.0,0.0,0.0,164037330.0
21510,10696000.0,106960.0,0.0,1944523.0
21521,637332868.0,0.0,0.0,114719934.0
21539,3642229461.0,36422294.0,0.0,662157319.0
21540,2957467134.0,0.0,0.0,358444191.0
21554,21847400.0,0.0,0.0,3932532.0
21563,893162650.0,8931619.0,0.0,163317234.0
21579,441308045.0,4413084.0,0.0,79378976.0
21581,9645000.0,0.0,0.0,1736100.0
21592,2100711833.0,0.0,0.0,378128144.0
21598,580393937.0,0.0,0.0,104470909.0
21624,4811894.0,48123.0,0.0,567557.0
21628,812922552.0,0.0,0.0,146200183.0
21650,166389812.0,0.0,0.0,26362000.0
21681,293590625.0,0.0,0.0,52703239.0
21685,1838491484.0,0.0,0.0,330928468.0
21705,539143194.0,0.0,0.0,97045776.0
21706,121034021.0,0.0,0.0,7173258.0
21712,455410198.0,0.0,0.0,81973836.0
21713,8436589552.0,0.0,0.0,1518586119.0
21716,102368720.0,1023688.0,0.0,18610634.0
21718,274206901.0,0.0,0.0,49357234.0
21721,363458020.0,0.0,0.0,65422443.0
21768,121247500.0,0.0,0.0,21824550.0
21779,258198735.0,0.0,0.0,46267218.0
21780,63258190.0,0.0,0.0,11386464.0
21786,1846255800.0,0.0,0.0,332326044.0
21793,55512571.0,555127.0,0.0,10092186.0
21795,488471670.0,0.0,0.0,87924899.0
21838,1320686792.0,0.0,0.0,237723634.0
21871,5852360.0,0.0,0.0,1053568.0
21872,300234520000.0,0.0,0.0,54043003000.0
21879,1580983805.0,0.0,0.0,284577070.0
21898,398799500.0,3460980.0,0.0,72407156.0
21905,21754490783.0,0.0,0.0,3915808340.0
21946,1347380910.0,0.0,0.0,242528566.0
21950,34358988.0,0.0,0.0,6184618.0
21956,781109148.0,0.0,0.0,139504357.0
21965,83044009442.0,0.0,0.0,14947921699.0
21979,529502403.0,0.0,0.0,94809872.0
21981,6900000.0,0.0,0.0,828000.0
21984,13936495764.0,0.0,0.0,2508576457.0
21998,264539545.0,0.0,0.0,47301737.0
22009,69257200.0,0.0,0.0,12466330.0
22015,4168290.0,41690.0,0.0,757791.0
22034,120219116.0,0.0,0.0,21639440.0
22061,412827404.0,0.0,0.0,74308932.0
22062,191989447.0,0.0,0.0,34558102.0
22065,685809650.0,6858101.0,0.0,124680194.0
22087,4030318690.0,0.0,0.0,504591271.0
22098,22273540.0,144373.0,0.0,4035224.0
22142,742290257.0,0.0,0.0,132577291.0
22145,748266200.0,0.0,0.0,89791944.0
22162,375016187.0,0.0,0.0,64008891.0
22176,244932605.0,0.0,0.0,29391911.0
22187,422651868.0,0.0,0.0,76077565.0
22220,243225570.0,0.0,0.0,42709878.0
22255,617626098.0,6176260.0,0.0,112284425.0
22274,411931699.0,0.0,0.0,52727260.0
22285,97872711.0,0.0,0.0,11744725.0
22302,11459731776.0,0.0,0.0,2062751735.0
22304,24000000.0,240000.0,0.0,4341600.0
22307,143831686.0,18782768.0,0.0,7106934.0
22314,21415100.0,0.0,0.0,3854718.0
22317,107903469.0,0.0,0.0,19422621.0
22331,112905230.0,0.0,0.0,13548626.0
22334,4456789.0,0.0,0.0,802222.0
22356,2210101.0,22101.0,0.0,401796.0
22369,710985150.0,0.0,0.0,127977327.0
22383,92837581.0,928378.0,0.0,16877871.0
22407,31587700.0,0.0,0.0,4179425.0
22411,6556320.0,0.0,0.0,1180137.0
22436,407371842.0,0.0,0.0,75272190.0
22440,46963625.0,0.0,0.0,8453448.0
22442,82163145.0,0.0,0.0,9679577.0
22448,13500000.0,0.0,0.0,2565000.0
22452,11500000.0,0.0,0.0,2070000.0
22462,8080544.0,0.0,0.0,1454491.0
22472,1825041043.0,0.0,0.0,77824703.0
22475,1516691960.0,2534710.0,0.0,273460801.0
22477,928319412.0,0.0,0.0,164524239.0
22483,1898577040.0,0.0,0.0,113914608.0
22504,6538578745.0,0.0,0.0,1176942349.0
22518,5599033904.0,0.0,0.0,1007826103.0
22519,237063500.0,0.0,0.0,42671430.0
22533,3688811.0,36881.0,0.0,670627.0
22543,5297992421.0,0.0,0.0,477441572.0
22546,369518928.0,0.0,0.0,45393719.0
22550,44590876.0,0.0,0.0,8026358.0
22561,103010337.0,0.0,0.0,15565846.0
22566,16513600.0,165136.0,0.0,3002172.0
22567,162429688.0,0.0,0.0,29237343.0
22569,40901704.0,0.0,0.0,7350852.0
22575,1832603.0,0.0,0.0,329869.0
22577,16550000.0,0.0,0.0,2979000.0
22594,1104651.0,0.0,0.0,198837.0
22597,181301976.0,0.0,0.0,21756233.0
22608,338901040.0,3389011.0,0.0,61612210.0
22628,1069140667.0,0.0,0.0,192445320.0
22663,10185500.0,0.0,0.0,1222260.0
22683,64087996.0,0.0,0.0,11535841.0
22689,2220301774.0,0.0,0.0,399654319.0
22694,9314320.0,0.0,0.0,1117718.0
22715,2116078627.0,0.0,0.0,380894154.0
22735,28033412.0,0.0,0.0,3364010.0
22740,16140875.0,161401.0,0.0,2934394.0
22748,784533596.0,7863869.0,0.0,142628179.0
22763,241637750.0,0.0,0.0,43176468.0
22785,86089221.0,0.0,0.0,15496063.0
22792,237320958.0,0.0,0.0,42717772.0
22824,557283038.0,1442140.0,0.0,100570482.0
22830,21101950.0,0.0,0.0,3798351.0
22835,486718091.0,4867180.0,0.0,88485347.0
22842,3413638.0,0.0,0.0,409635.0
22844,1316970786.0,12846463.0,0.0,239362907.0
22856,234370065.0,0.0,0.0,42186614.0
22891,122994230.0,0.0,0.0,16103438.0
22924,90000000.0,0.0,0.0,16200000.0
22944,2461291715.0,0.0,0.0,0.0
22951,48831.0,0.0,0.0,8790.0
22963,260110318.0,0.0,0.0,46819858.0
22964,1466806898.0,0.0,0.0,264025242.0
22977,196747433.0,0.0,0.0,35295414.0
22991,23857800.0,0.0,0.0,3269664.0
22996,480458982.0,0.0,0.0,57655078.0
23008,12121551.0,121217.0,0.0,2203698.0
23019,543643201.0,0.0,0.0,97855776.0
23029,1728823596.0,0.0,0.0,311188317.0
23037,37023672060.0,0.0,0.0,6664260970.0
23051,362594802.0,0.0,0.0,65267064.0
23067,106835075.0,0.0,0.0,19230303.0
23068,383728662.0,0.0,0.0,69071156.0
23076,55879120.0,0.0,0.0,6705494.0
23099,434258972.0,0.0,0.0,66576953.0
23103,2365000.0,0.0,0.0,283800.0
23108,97171077.0,0.0,0.0,17221511.0
23112,2665296695.0,0.0,0.0,90970437.0
23119,22321000.0,0.0,0.0,4017780.0
23144,336250500.0,0.0,0.0,60525090.0
23149,3065557010.0,0.0,0.0,551800260.0
23151,152912097.0,0.0,0.0,24334140.0
23152,69481905.0,0.0,0.0,12506743.0
23163,153000.0,1530.0,0.0,27815.0
23172,648669731.0,0.0,0.0,116757883.0
23181,1623000.0,0.0,0.0,97380.0
23206,285675505.0,0.0,0.0,32347213.0
23232,54553520.0,0.0,0.0,6546420.0
23243,1452491851.0,0.0,0.0,174298901.0
23246,2223687.0,0.0,0.0,390075.0
23268,3063731682.0,0.0,0.0,551471722.0
23290,19087200.0,0.0,0.0,3435696.0
23298,17400000.0,0.0,0.0,2088000.0
23324,101853825.0,0.0,0.0,12222459.0
23326,58744587.0,0.0,0.0,10574026.0
23363,182272124.0,755670.0,0.0,32808982.0
23377,2877386871.0,0.0,0.0,517929652.0
23378,17112822.0,67066.0,0.0,3092380.0
23382,273398798.0,0.0,0.0,39429564.0
23417,248893929.0,0.0,0.0,29867271.0
23429,100277430.0,0.0,0.0,18049937.0
23430,3700469569.0,37004689.0,0.0,666084524.0
23467,860377.0,0.0,0.0,103245.0
23475,3130879.0,0.0,0.0,563558.0
23484,50546945.0,0.0,0.0,5914004.0
23496,6870637.0,0.0,0.0,1236715.0
23498,394594193.0,0.0,0.0,71026954.0
23500,628421.0,0.0,0.0,113115.0
23509,18234225.0,0.0,0.0,3282160.0
23524,431578.0,0.0,0.0,51789.0
23541,456397400.0,0.0,0.0,82151532.0
23555,26660000.0,0.0,0.0,4798800.0
23562,900419429.0,9004151.0,0.0,109130830.0
23573,41043990.0,0.0,0.0,2462639.0
23598,659673.0,0.0,0.0,118741.0
23599,3698024405.0,36980325.0,0.0,672301028.0
23609,9499748.0,0.0,0.0,1711034.0
23611,52135525.0,0.0,0.0,9384394.0
23624,145048865.0,0.0,0.0,26108796.0
23628,8939133571.0,0.0,0.0,1609214613.0
23637,2806744720.0,597604.0,0.0,505214049.0
23672,1252800900.0,0.0,0.0,161446350.0
23679,606147600.0,0.0,0.0,7273771.0
23683,61657334.0,1206449.0,0.0,3680571.0
23685,127098000.0,885900.0,0.0,23037192.0
23697,65070000.0,0.0,0.0,7594200.0
23701,94410900.0,0.0,0.0,16993962.0
23705,14650775.0,0.0,0.0,2637141.0
23734,125082316.0,0.0,0.0,22685306.0
23735,6750118.0,0.0,0.0,1215017.0
23739,1042675084.0,0.0,0.0,187681517.0
23740,80509185.0,0.0,0.0,13908807.0
23741,234124049.0,0.0,0.0,42226597.0
23742,8480950.0,84812.0,0.0,1541832.0
23746,203017219.0,0.0,0.0,24362062.0
23751,181311700.0,0.0,0.0,32636106.0
23769,433854909.0,0.0,0.0,78093887.0
23803,3159798330.0,0.0,0.0,568763700.0
23819,3879043664.0,38790451.0,0.0,705210137.0
23847,88946234.0,0.0,0.0,16010322.0
23853,454094362.0,0.0,0.0,81736981.0
23857,25000000.0,0.0,0.0,4500000.0
23877,186114150.0,0.0,0.0,33500547.0
23893,54230926.0,847.0,0.0,9761719.0
23911,11429980.0,114300.0,0.0,2057396.0
23913,9143928.0,0.0,0.0,1645907.0
23918,1916330264.0,0.0,0.0,229959631.0
23921,990370344.0,0.0,0.0,178263173.0
23928,143710141.0,0.0,0.0,25867824.0
23931,5412350.0,0.0,0.0,974643.0
23933,110411646.0,0.0,0.0,19857511.0
23954,9039225560.0,0.0,0.0,1627060601.0
23966,1770751060.0,17707478.0,0.0,321921993.0
23970,3919612.0,0.0,0.0,652130.0
23976,847676870.0,0.0,0.0,152581866.0
23988,70918625.0,709186.0,0.0,12765353.0
23994,377575502.0,0.0,0.0,0.0
24006,1149750.0,0.0,0.0,137970.0
24010,29591792.0,0.0,0.0,3551014.0
24031,3773654831.0,0.0,0.0,453306579.0
24036,10619370796.0,0.0,0.0,1899673740.0
24046,2464704.0,0.0,0.0,443646.0
24075,5163885.0,0.0,0.0,929499.0
24085,15994400.0,0.0,0.0,2878992.0
24094,471677688.0,0.0,0.0,80429594.0
24102,25958505.0,0.0,0.0,4672525.0
24124,60217000.0,602178.0,0.0,10947596.0
24149,819800522.0,0.0,0.0,49188031.0
24155,13529553.0,0.0,0.0,2435320.0
24161,20447996.0,0.0,0.0,2453760.0
24182,147272005.0,0.0,0.0,20508961.0
24199,1080343824.0,0.0,0.0,194461888.0
24212,27254750.0,0.0,0.0,4905855.0
24214,6476117856.0,64761178.0,0.0,1177358226.0
24216,602110421.0,0.0,0.0,108379873.0
24219,669613095.0,0.0,0.0,120530356.0
24229,340050000.0,0.0,0.0,61119000.0
24269,381541170.0,0.0,0.0,45900140.0
24279,666161344.0,0.0,0.0,119909037.0
24285,844456452.0,0.0,0.0,135745709.0
24300,83411800.0,0.0,0.0,15014124.0
24305,2354163663.0,0.0,0.0,423749466.0
24306,119178393.0,0.0,0.0,20340030.0
24308,5500000.0,0.0,0.0,660000.0
24312,30830660.0,0.0,0.0,2368843.0
24313,718208285.0,7182088.0,0.0,129281031.0
24316,9659341.0,0.0,0.0,1738683.0
24323,641463610.0,0.0,0.0,121877063.0
24331,67906864296.0,0.0,0.0,12902304215.0
24359,676776019.0,0.0,0.0,121819682.0
24360,5835000.0,0.0,0.0,350100.0
24379,481712594.0,0.0,0.0,59082293.0
24384,116513392.0,0.0,0.0,20738579.0
24389,188696273.0,0.0,0.0,5846714.0
24392,9154775011.0,0.0,0.0,1647859503.0
24395,689479110.0,2633710.0,0.0,124580309.0
24396,400545725.0,0.0,0.0,78501076.0
24399,2124585269.0,0.0,0.0,382425347.0
24404,161049280.0,0.0,0.0,19325912.0
24410,244346760.0,0.0,0.0,14660805.0
24443,58941791762.0,0.0,0.0,3536282533.0
24446,357929959.0,86167.0,0.0,64272370.0
24454,350908153.0,0.0,0.0,63163464.0
24462,39114150.0,391141.0,0.0,7067751.0
24478,2741996284.0,0.0,0.0,493559331.0
24501,606039960.0,0.0,0.0,109087102.0
24510,16970257415.0,0.0,0.0,3054646344.0
24537,47545991.0,0.0,0.0,8558283.0
24581,32599157.0,0.0,0.0,5867848.0
24614,189859078.0,1898589.0,0.0,34506661.0
24643,99850000.0,0.0,0.0,11982000.0
24663,504257840.0,0.0,0.0,75795206.0
24664,1254791871.0,0.0,0.0,151328449.0
24686,250140882.0,0.0,0.0,34532558.0
24691,518819760.0,2823133.0,0.0,93895719.0
24724,17281578.0,0.0,0.0,3110684.0
24735,440660443.0,0.0,0.0,79318808.0
24744,110538658.0,0.0,0.0,19263728.0
24749,929684345.0,0.0,0.0,121278834.0
24755,18655758.0,0.0,0.0,2238690.0
24768,246960650.0,0.0,0.0,44651799.0
24770,8210520.0,0.0,0.0,985262.0
24787,529983953.0,0.0,0.0,95345876.0
24791,218485000.0,0.0,0.0,26218200.0
24799,65870882.0,0.0,0.0,11856758.0
24806,9041200.0,90412.0,0.0,1643690.0
24829,779860407.0,7798606.0,0.0,141114333.0
24845,232287990.0,0.0,0.0,41811840.0
24868,26092654.0,0.0,0.0,4696677.0
24877,537197295.0,0.0,0.0,32231837.0
24901,11153160.0,0.0,0.0,2007568.0
24921,4099600.0,0.0,0.0,737928.0
24931,910221404.0,8940469.0,0.0,165478252.0
24937,805362029.0,0.0,0.0,144965165.0
24941,4839219495.0,0.0,0.0,790587501.0
24949,24325600.0,0.0,0.0,4378608.0
24957,1676796876.0,0.0,0.0,301823443.0
24958,1714000.0,0.0,0.0,308520.0
24960,11031842846.0,0.0,0.0,1985731712.0
24967,30802833.0,0.0,0.0,5544512.0
24981,195866.0,0.0,0.0,23403.0
24997,75816127.0,0.0,0.0,13646904.0
25003,33977515.0,339774.0,0.0,5646831.0
25027,358977753.0,0.0,0.0,64615996.0
25041,2637038315.0,0.0,0.0,474666901.0
25049,53149031.0,0.0,0.0,9566825.0
